country_code,indicator_code,period,frequency,value,raw_value,value_status,source_id,source_series_code,seasonal_adjustment,observation_metadata
ALB,gdp_nominal_per_capita_lcu_quarterly_nsa_estimate,2025-Q1,quarterly,251029.85166937474,\N,estimated,IMF_QNEA,derived_per_capita|QNEA|B1GQ|V|NSA|XDC|Q|population=SP.POP.TOTL_interpolated,NSA,\N
ALB,gdp_nominal_per_capita_lcu_quarterly_nsa_estimate,2025-Q2,quarterly,292482.56401689147,\N,estimated,IMF_QNEA,derived_per_capita|QNEA|B1GQ|V|NSA|XDC|Q|population=SP.POP.TOTL_interpolated,NSA,\N
ALB,gdp_nominal_per_capita_lcu_quarterly_nsa_estimate,2025-Q3,quarterly,289453.8082759472,\N,estimated,IMF_QNEA,derived_per_capita|QNEA|B1GQ|V|NSA|XDC|Q|population=SP.POP.TOTL_interpolated,NSA,\N
ALB,gdp_nominal_per_capita_lcu_quarterly_nsa_estimate,2025-Q4,quarterly,292726.3893078763,\N,estimated,IMF_QNEA,derived_per_capita|QNEA|B1GQ|V|NSA|XDC|Q|population=SP.POP.TOTL_interpolated,NSA,\N
ALB,gdp_nominal_per_capita_lcu_quarterly_nsa_estimate,2026-Q1,quarterly,263814.934182705,\N,estimated,IMF_QNEA,derived_per_capita|QNEA|B1GQ|V|NSA|XDC|Q|population=SP.POP.TOTL_interpolated,NSA,\N
ARG,gdp_nominal_per_capita_lcu_quarterly_nsa_estimate,2025-Q1,quarterly,3983662.8325642236,\N,estimated,IMF_QNEA,derived_per_capita|QNEA|B1GQ|V|NSA|XDC|Q|population=SP.POP.TOTL_interpolated,NSA,\N
ARG,gdp_nominal_per_capita_lcu_quarterly_nsa_estimate,2025-Q2,quarterly,4557123.509335957,\N,estimated,IMF_QNEA,derived_per_capita|QNEA|B1GQ|V|NSA|XDC|Q|population=SP.POP.TOTL_interpolated,NSA,\N
ARG,gdp_nominal_per_capita_lcu_quarterly_nsa_estimate,2025-Q3,quarterly,4841735.151340489,\N,estimated,IMF_QNEA,derived_per_capita|QNEA|B1GQ|V|NSA|XDC|Q|population=SP.POP.TOTL_interpolated,NSA,\N
ARG,gdp_nominal_per_capita_lcu_quarterly_nsa_estimate,2025-Q4,quarterly,5167849.989154088,\N,estimated,IMF_QNEA,derived_per_capita|QNEA|B1GQ|V|NSA|XDC|Q|population=SP.POP.TOTL_interpolated,NSA,\N
ARG,gdp_nominal_per_capita_lcu_quarterly_nsa_estimate,2026-Q1,quarterly,5309959.177235633,\N,estimated,IMF_QNEA,derived_per_capita|QNEA|B1GQ|V|NSA|XDC|Q|population=SP.POP.TOTL_interpolated,NSA,\N
ARM,gdp_nominal_per_capita_lcu_quarterly_nsa_estimate,2025-Q1,quarterly,695568.8595418603,\N,estimated,IMF_QNEA,derived_per_capita|QNEA|B1GQ|V|NSA|XDC|Q|population=SP.POP.TOTL_interpolated,NSA,\N
ARM,gdp_nominal_per_capita_lcu_quarterly_nsa_estimate,2025-Q2,quarterly,828573.7244525251,\N,estimated,IMF_QNEA,derived_per_capita|QNEA|B1GQ|V|NSA|XDC|Q|population=SP.POP.TOTL_interpolated,NSA,\N
ARM,gdp_nominal_per_capita_lcu_quarterly_nsa_estimate,2025-Q3,quarterly,995255.7099815337,\N,estimated,IMF_QNEA,derived_per_capita|QNEA|B1GQ|V|NSA|XDC|Q|population=SP.POP.TOTL_interpolated,NSA,\N
ARM,gdp_nominal_per_capita_lcu_quarterly_nsa_estimate,2025-Q4,quarterly,1161581.1708296887,\N,estimated,IMF_QNEA,derived_per_capita|QNEA|B1GQ|V|NSA|XDC|Q|population=SP.POP.TOTL_interpolated,NSA,\N
ARM,gdp_nominal_per_capita_lcu_quarterly_nsa_estimate,2026-Q1,quarterly,747018.660705608,\N,estimated,IMF_QNEA,derived_per_capita|QNEA|B1GQ|V|NSA|XDC|Q|population=SP.POP.TOTL_interpolated,NSA,\N
AUS,gdp_nominal_per_capita_lcu_quarterly_nsa_estimate,2025-Q1,quarterly,24632.164726495328,\N,estimated,IMF_QNEA,derived_per_capita|QNEA|B1GQ|V|NSA|XDC|Q|population=SP.POP.TOTL_interpolated,NSA,\N
AUS,gdp_nominal_per_capita_lcu_quarterly_nsa_estimate,2025-Q2,quarterly,25617.577833215324,\N,estimated,IMF_QNEA,derived_per_capita|QNEA|B1GQ|V|NSA|XDC|Q|population=SP.POP.TOTL_interpolated,NSA,\N
AUS,gdp_nominal_per_capita_lcu_quarterly_nsa_estimate,2025-Q3,quarterly,25887.678719636642,\N,estimated,IMF_QNEA,derived_per_capita|QNEA|B1GQ|V|NSA|XDC|Q|population=SP.POP.TOTL_interpolated,NSA,\N
AUS,gdp_nominal_per_capita_lcu_quarterly_nsa_estimate,2025-Q4,quarterly,27496.729877743906,\N,estimated,IMF_QNEA,derived_per_capita|QNEA|B1GQ|V|NSA|XDC|Q|population=SP.POP.TOTL_interpolated,NSA,\N
AUS,gdp_nominal_per_capita_lcu_quarterly_nsa_estimate,2026-Q1,quarterly,25780.45209800057,\N,estimated,IMF_QNEA,derived_per_capita|QNEA|B1GQ|V|NSA|XDC|Q|population=SP.POP.TOTL_interpolated,NSA,\N
AUS,gdp_nominal_per_capita_lcu_quarterly_nsa_estimate,2026-Q2,quarterly,26835.8068546166,\N,estimated,IMF_QNEA,derived_per_capita|QNEA|B1GQ|V|NSA|XDC|Q|population=SP.POP.TOTL_interpolated,NSA,\N
AUT,gdp_nominal_per_capita_lcu_quarterly_nsa_estimate,2025-Q1,quarterly,13468.987656133875,\N,estimated,IMF_QNEA,derived_per_capita|QNEA|B1GQ|V|NSA|XDC|Q|population=SP.POP.TOTL_interpolated,NSA,\N
AUT,gdp_nominal_per_capita_lcu_quarterly_nsa_estimate,2025-Q2,quarterly,13901.972836522593,\N,estimated,IMF_QNEA,derived_per_capita|QNEA|B1GQ|V|NSA|XDC|Q|population=SP.POP.TOTL_interpolated,NSA,\N
AUT,gdp_nominal_per_capita_lcu_quarterly_nsa_estimate,2025-Q3,quarterly,13800.52105257042,\N,estimated,IMF_QNEA,derived_per_capita|QNEA|B1GQ|V|NSA|XDC|Q|population=SP.POP.TOTL_interpolated,NSA,\N
AUT,gdp_nominal_per_capita_lcu_quarterly_nsa_estimate,2025-Q4,quarterly,14706.4419237583,\N,estimated,IMF_QNEA,derived_per_capita|QNEA|B1GQ|V|NSA|XDC|Q|population=SP.POP.TOTL_interpolated,NSA,\N
AUT,gdp_nominal_per_capita_lcu_quarterly_nsa_estimate,2026-Q1,quarterly,13839.493619194187,\N,estimated,IMF_QNEA,derived_per_capita|QNEA|B1GQ|V|NSA|XDC|Q|population=SP.POP.TOTL_interpolated,NSA,\N
AUT,gdp_nominal_per_capita_lcu_quarterly_nsa_estimate,2026-Q2,quarterly,14258.358879398638,\N,estimated,IMF_QNEA,derived_per_capita|QNEA|B1GQ|V|NSA|XDC|Q|population=SP.POP.TOTL_interpolated,NSA,\N
AZE,gdp_nominal_per_capita_lcu_quarterly_nsa_estimate,2025-Q1,quarterly,2921.37173558257,\N,estimated,IMF_QNEA,derived_per_capita|QNEA|B1GQ|V|NSA|XDC|Q|population=SP.POP.TOTL_interpolated,NSA,\N
AZE,gdp_nominal_per_capita_lcu_quarterly_nsa_estimate,2025-Q2,quarterly,3128.2212003588056,\N,estimated,IMF_QNEA,derived_per_capita|QNEA|B1GQ|V|NSA|XDC|Q|population=SP.POP.TOTL_interpolated,NSA,\N
AZE,gdp_nominal_per_capita_lcu_quarterly_nsa_estimate,2025-Q3,quarterly,3240.2959852819304,\N,estimated,IMF_QNEA,derived_per_capita|QNEA|B1GQ|V|NSA|XDC|Q|population=SP.POP.TOTL_interpolated,NSA,\N
AZE,gdp_nominal_per_capita_lcu_quarterly_nsa_estimate,2025-Q4,quarterly,3314.747073191011,\N,estimated,IMF_QNEA,derived_per_capita|QNEA|B1GQ|V|NSA|XDC|Q|population=SP.POP.TOTL_interpolated,NSA,\N
AZE,gdp_nominal_per_capita_lcu_quarterly_nsa_estimate,2026-Q1,quarterly,2898.722708586985,\N,estimated,IMF_QNEA,derived_per_capita|QNEA|B1GQ|V|NSA|XDC|Q|population=SP.POP.TOTL_interpolated,NSA,\N
BEL,gdp_nominal_per_capita_lcu_quarterly_nsa_estimate,2025-Q1,quarterly,12996.06280061544,\N,estimated,IMF_QNEA,derived_per_capita|QNEA|B1GQ|V|NSA|XDC|Q|population=SP.POP.TOTL_interpolated,NSA,\N
BEL,gdp_nominal_per_capita_lcu_quarterly_nsa_estimate,2025-Q2,quarterly,13623.6996047724,\N,estimated,IMF_QNEA,derived_per_capita|QNEA|B1GQ|V|NSA|XDC|Q|population=SP.POP.TOTL_interpolated,NSA,\N
BEL,gdp_nominal_per_capita_lcu_quarterly_nsa_estimate,2025-Q3,quarterly,12882.818735329345,\N,estimated,IMF_QNEA,derived_per_capita|QNEA|B1GQ|V|NSA|XDC|Q|population=SP.POP.TOTL_interpolated,NSA,\N
BEL,gdp_nominal_per_capita_lcu_quarterly_nsa_estimate,2025-Q4,quarterly,14305.336867256232,\N,estimated,IMF_QNEA,derived_per_capita|QNEA|B1GQ|V|NSA|XDC|Q|population=SP.POP.TOTL_interpolated,NSA,\N
BEL,gdp_nominal_per_capita_lcu_quarterly_nsa_estimate,2026-Q1,quarterly,13411.734815769942,\N,estimated,IMF_QNEA,derived_per_capita|QNEA|B1GQ|V|NSA|XDC|Q|population=SP.POP.TOTL_interpolated,NSA,\N
BEL,gdp_nominal_per_capita_lcu_quarterly_nsa_estimate,2026-Q2,quarterly,14119.845272660754,\N,estimated,IMF_QNEA,derived_per_capita|QNEA|B1GQ|V|NSA|XDC|Q|population=SP.POP.TOTL_interpolated,NSA,\N
BGD,gdp_nominal_per_capita_lcu_quarterly_nsa_estimate,2025-Q1,quarterly,70907.52881113255,\N,estimated,IMF_QNEA,derived_per_capita|QNEA|B1GQ|V|NSA|XDC|Q|population=SP.POP.TOTL_interpolated,NSA,\N
BGD,gdp_nominal_per_capita_lcu_quarterly_nsa_estimate,2025-Q2,quarterly,79582.23895454242,\N,estimated,IMF_QNEA,derived_per_capita|QNEA|B1GQ|V|NSA|XDC|Q|population=SP.POP.TOTL_interpolated,NSA,\N
BGD,gdp_nominal_per_capita_lcu_quarterly_nsa_estimate,2025-Q3,quarterly,80885.43914312473,\N,estimated,IMF_QNEA,derived_per_capita|QNEA|B1GQ|V|NSA|XDC|Q|population=SP.POP.TOTL_interpolated,NSA,\N
BGD,gdp_nominal_per_capita_lcu_quarterly_nsa_estimate,2025-Q4,quarterly,81488.59546672174,\N,estimated,IMF_QNEA,derived_per_capita|QNEA|B1GQ|V|NSA|XDC|Q|population=SP.POP.TOTL_interpolated,NSA,\N
BGD,gdp_nominal_per_capita_lcu_quarterly_nsa_estimate,2026-Q1,quarterly,78852.96441197873,\N,estimated,IMF_QNEA,derived_per_capita|QNEA|B1GQ|V|NSA|XDC|Q|population=SP.POP.TOTL_interpolated,NSA,\N
BGR,gdp_nominal_per_capita_lcu_quarterly_nsa_estimate,2025-Q1,quarterly,3618.2853964922997,\N,estimated,IMF_QNEA,derived_per_capita|QNEA|B1GQ|V|NSA|XDC|Q|population=SP.POP.TOTL_interpolated,NSA,\N
BGR,gdp_nominal_per_capita_lcu_quarterly_nsa_estimate,2025-Q2,quarterly,4230.647717361604,\N,estimated,IMF_QNEA,derived_per_capita|QNEA|B1GQ|V|NSA|XDC|Q|population=SP.POP.TOTL_interpolated,NSA,\N
BGR,gdp_nominal_per_capita_lcu_quarterly_nsa_estimate,2025-Q3,quarterly,4979.90876224993,\N,estimated,IMF_QNEA,derived_per_capita|QNEA|B1GQ|V|NSA|XDC|Q|population=SP.POP.TOTL_interpolated,NSA,\N
BGR,gdp_nominal_per_capita_lcu_quarterly_nsa_estimate,2025-Q4,quarterly,5202.79399288266,\N,estimated,IMF_QNEA,derived_per_capita|QNEA|B1GQ|V|NSA|XDC|Q|population=SP.POP.TOTL_interpolated,NSA,\N
BGR,gdp_nominal_per_capita_lcu_quarterly_nsa_estimate,2026-Q1,quarterly,4248.2423489523735,\N,estimated,IMF_QNEA,derived_per_capita|QNEA|B1GQ|V|NSA|XDC|Q|population=SP.POP.TOTL_interpolated,NSA,\N
BGR,gdp_nominal_per_capita_lcu_quarterly_nsa_estimate,2026-Q2,quarterly,4708.694384314618,\N,estimated,IMF_QNEA,derived_per_capita|QNEA|B1GQ|V|NSA|XDC|Q|population=SP.POP.TOTL_interpolated,NSA,\N
BIH,gdp_nominal_per_capita_lcu_quarterly_nsa_estimate,2025-Q1,quarterly,4190.428994070392,\N,estimated,IMF_QNEA,derived_per_capita|QNEA|B1GQ|V|NSA|XDC|Q|population=SP.POP.TOTL_interpolated,NSA,\N
BIH,gdp_nominal_per_capita_lcu_quarterly_nsa_estimate,2025-Q2,quarterly,4478.22441417387,\N,estimated,IMF_QNEA,derived_per_capita|QNEA|B1GQ|V|NSA|XDC|Q|population=SP.POP.TOTL_interpolated,NSA,\N
BIH,gdp_nominal_per_capita_lcu_quarterly_nsa_estimate,2025-Q3,quarterly,4679.543963478812,\N,estimated,IMF_QNEA,derived_per_capita|QNEA|B1GQ|V|NSA|XDC|Q|population=SP.POP.TOTL_interpolated,NSA,\N
BIH,gdp_nominal_per_capita_lcu_quarterly_nsa_estimate,2025-Q4,quarterly,4644.649598180947,\N,estimated,IMF_QNEA,derived_per_capita|QNEA|B1GQ|V|NSA|XDC|Q|population=SP.POP.TOTL_interpolated,NSA,\N
BIH,gdp_nominal_per_capita_lcu_quarterly_nsa_estimate,2026-Q1,quarterly,4263.844456298297,\N,estimated,IMF_QNEA,derived_per_capita|QNEA|B1GQ|V|NSA|XDC|Q|population=SP.POP.TOTL_interpolated,NSA,\N
BLR,gdp_nominal_per_capita_lcu_quarterly_nsa_estimate,2025-Q1,quarterly,6870.119809399268,\N,estimated,IMF_QNEA,derived_per_capita|QNEA|B1GQ|V|NSA|XDC|Q|population=SP.POP.TOTL_interpolated,NSA,\N
BLR,gdp_nominal_per_capita_lcu_quarterly_nsa_estimate,2025-Q2,quarterly,7432.548645440464,\N,estimated,IMF_QNEA,derived_per_capita|QNEA|B1GQ|V|NSA|XDC|Q|population=SP.POP.TOTL_interpolated,NSA,\N
BLR,gdp_nominal_per_capita_lcu_quarterly_nsa_estimate,2025-Q3,quarterly,8555.016178202246,\N,estimated,IMF_QNEA,derived_per_capita|QNEA|B1GQ|V|NSA|XDC|Q|population=SP.POP.TOTL_interpolated,NSA,\N
BLR,gdp_nominal_per_capita_lcu_quarterly_nsa_estimate,2025-Q4,quarterly,8673.154089630949,\N,estimated,IMF_QNEA,derived_per_capita|QNEA|B1GQ|V|NSA|XDC|Q|population=SP.POP.TOTL_interpolated,NSA,\N
BLR,gdp_nominal_per_capita_lcu_quarterly_nsa_estimate,2026-Q1,quarterly,7752.825200905438,\N,estimated,IMF_QNEA,derived_per_capita|QNEA|B1GQ|V|NSA|XDC|Q|population=SP.POP.TOTL_interpolated,NSA,\N
BOL,gdp_nominal_per_capita_lcu_quarterly_nsa_estimate,2025-Q1,quarterly,7626.684054578911,\N,estimated,IMF_QNEA,derived_per_capita|QNEA|B1GQ|V|NSA|XDC|Q|population=SP.POP.TOTL_interpolated,NSA,\N
BOL,gdp_nominal_per_capita_lcu_quarterly_nsa_estimate,2025-Q2,quarterly,8763.974987254212,\N,estimated,IMF_QNEA,derived_per_capita|QNEA|B1GQ|V|NSA|XDC|Q|population=SP.POP.TOTL_interpolated,NSA,\N
BRA,gdp_nominal_per_capita_lcu_quarterly_nsa_estimate,2025-Q1,quarterly,14233.506647289505,\N,estimated,IMF_QNEA,derived_per_capita|QNEA|B1GQ|V|NSA|XDC|Q|population=SP.POP.TOTL_interpolated,NSA,\N
BRA,gdp_nominal_per_capita_lcu_quarterly_nsa_estimate,2025-Q2,quarterly,15045.530671906661,\N,estimated,IMF_QNEA,derived_per_capita|QNEA|B1GQ|V|NSA|XDC|Q|population=SP.POP.TOTL_interpolated,NSA,\N
BRA,gdp_nominal_per_capita_lcu_quarterly_nsa_estimate,2025-Q3,quarterly,15204.506053112835,\N,estimated,IMF_QNEA,derived_per_capita|QNEA|B1GQ|V|NSA|XDC|Q|population=SP.POP.TOTL_interpolated,NSA,\N
BRA,gdp_nominal_per_capita_lcu_quarterly_nsa_estimate,2025-Q4,quarterly,15402.25110467597,\N,estimated,IMF_QNEA,derived_per_capita|QNEA|B1GQ|V|NSA|XDC|Q|population=SP.POP.TOTL_interpolated,NSA,\N
BRA,gdp_nominal_per_capita_lcu_quarterly_nsa_estimate,2026-Q1,quarterly,15276.265967672327,\N,estimated,IMF_QNEA,derived_per_capita|QNEA|B1GQ|V|NSA|XDC|Q|population=SP.POP.TOTL_interpolated,NSA,\N
BRA,gdp_nominal_per_capita_lcu_quarterly_nsa_estimate,2026-Q2,quarterly,16097.406069914017,\N,estimated,IMF_QNEA,derived_per_capita|QNEA|B1GQ|V|NSA|XDC|Q|population=SP.POP.TOTL_interpolated,NSA,\N
BRN,gdp_nominal_per_capita_lcu_quarterly_nsa_estimate,2025-Q1,quarterly,10367.361075069848,\N,estimated,IMF_QNEA,derived_per_capita|QNEA|B1GQ|V|NSA|XDC|Q|population=SP.POP.TOTL_interpolated,NSA,\N
BRN,gdp_nominal_per_capita_lcu_quarterly_nsa_estimate,2025-Q2,quarterly,10465.262428986007,\N,estimated,IMF_QNEA,derived_per_capita|QNEA|B1GQ|V|NSA|XDC|Q|population=SP.POP.TOTL_interpolated,NSA,\N
BRN,gdp_nominal_per_capita_lcu_quarterly_nsa_estimate,2025-Q3,quarterly,10234.044503832698,\N,estimated,IMF_QNEA,derived_per_capita|QNEA|B1GQ|V|NSA|XDC|Q|population=SP.POP.TOTL_interpolated,NSA,\N
BRN,gdp_nominal_per_capita_lcu_quarterly_nsa_estimate,2025-Q4,quarterly,11025.471695861028,\N,estimated,IMF_QNEA,derived_per_capita|QNEA|B1GQ|V|NSA|XDC|Q|population=SP.POP.TOTL_interpolated,NSA,\N
BRN,gdp_nominal_per_capita_lcu_quarterly_nsa_estimate,2026-Q1,quarterly,10211.06118171419,\N,estimated,IMF_QNEA,derived_per_capita|QNEA|B1GQ|V|NSA|XDC|Q|population=SP.POP.TOTL_interpolated,NSA,\N
BWA,gdp_nominal_per_capita_lcu_quarterly_nsa_estimate,2025-Q1,quarterly,25471.533103062564,\N,estimated,IMF_QNEA,derived_per_capita|QNEA|B1GQ|V|NSA|XDC|Q|population=SP.POP.TOTL_interpolated,NSA,\N
BWA,gdp_nominal_per_capita_lcu_quarterly_nsa_estimate,2025-Q2,quarterly,27004.083232527428,\N,estimated,IMF_QNEA,derived_per_capita|QNEA|B1GQ|V|NSA|XDC|Q|population=SP.POP.TOTL_interpolated,NSA,\N
BWA,gdp_nominal_per_capita_lcu_quarterly_nsa_estimate,2025-Q3,quarterly,26360.35729141368,\N,estimated,IMF_QNEA,derived_per_capita|QNEA|B1GQ|V|NSA|XDC|Q|population=SP.POP.TOTL_interpolated,NSA,\N
BWA,gdp_nominal_per_capita_lcu_quarterly_nsa_estimate,2025-Q4,quarterly,26393.897682391744,\N,estimated,IMF_QNEA,derived_per_capita|QNEA|B1GQ|V|NSA|XDC|Q|population=SP.POP.TOTL_interpolated,NSA,\N
BWA,gdp_nominal_per_capita_lcu_quarterly_nsa_estimate,2026-Q1,quarterly,28546.051538787615,\N,estimated,IMF_QNEA,derived_per_capita|QNEA|B1GQ|V|NSA|XDC|Q|population=SP.POP.TOTL_interpolated,NSA,\N
CAN,gdp_nominal_per_capita_lcu_quarterly_nsa_estimate,2025-Q1,quarterly,18555.254029050233,\N,estimated,IMF_QNEA,derived_per_capita|QNEA|B1GQ|V|NSA|XDC|Q|population=SP.POP.TOTL_interpolated,NSA,\N
CAN,gdp_nominal_per_capita_lcu_quarterly_nsa_estimate,2025-Q2,quarterly,18983.083847043436,\N,estimated,IMF_QNEA,derived_per_capita|QNEA|B1GQ|V|NSA|XDC|Q|population=SP.POP.TOTL_interpolated,NSA,\N
CAN,gdp_nominal_per_capita_lcu_quarterly_nsa_estimate,2025-Q3,quarterly,20368.07518779627,\N,estimated,IMF_QNEA,derived_per_capita|QNEA|B1GQ|V|NSA|XDC|Q|population=SP.POP.TOTL_interpolated,NSA,\N
CAN,gdp_nominal_per_capita_lcu_quarterly_nsa_estimate,2025-Q4,quarterly,20095.048808747157,\N,estimated,IMF_QNEA,derived_per_capita|QNEA|B1GQ|V|NSA|XDC|Q|population=SP.POP.TOTL_interpolated,NSA,\N
CAN,gdp_nominal_per_capita_lcu_quarterly_nsa_estimate,2026-Q1,quarterly,19067.430529107693,\N,estimated,IMF_QNEA,derived_per_capita|QNEA|B1GQ|V|NSA|XDC|Q|population=SP.POP.TOTL_interpolated,NSA,\N
CAN,gdp_nominal_per_capita_lcu_quarterly_nsa_estimate,2026-Q2,quarterly,20345.843176980274,\N,estimated,IMF_QNEA,derived_per_capita|QNEA|B1GQ|V|NSA|XDC|Q|population=SP.POP.TOTL_interpolated,NSA,\N
CHE,gdp_nominal_per_capita_lcu_quarterly_nsa_estimate,2025-Q1,quarterly,24159.544517091766,\N,estimated,IMF_QNEA,derived_per_capita|QNEA|B1GQ|V|NSA|XDC|Q|population=SP.POP.TOTL_interpolated,NSA,\N
CHE,gdp_nominal_per_capita_lcu_quarterly_nsa_estimate,2025-Q2,quarterly,24341.606181876352,\N,estimated,IMF_QNEA,derived_per_capita|QNEA|B1GQ|V|NSA|XDC|Q|population=SP.POP.TOTL_interpolated,NSA,\N
CHE,gdp_nominal_per_capita_lcu_quarterly_nsa_estimate,2025-Q3,quarterly,24051.45427880933,\N,estimated,IMF_QNEA,derived_per_capita|QNEA|B1GQ|V|NSA|XDC|Q|population=SP.POP.TOTL_interpolated,NSA,\N
CHE,gdp_nominal_per_capita_lcu_quarterly_nsa_estimate,2025-Q4,quarterly,24519.615681100204,\N,estimated,IMF_QNEA,derived_per_capita|QNEA|B1GQ|V|NSA|XDC|Q|population=SP.POP.TOTL_interpolated,NSA,\N
CHE,gdp_nominal_per_capita_lcu_quarterly_nsa_estimate,2026-Q1,quarterly,24127.79263301936,\N,estimated,IMF_QNEA,derived_per_capita|QNEA|B1GQ|V|NSA|XDC|Q|population=SP.POP.TOTL_interpolated,NSA,\N
CHE,gdp_nominal_per_capita_lcu_quarterly_nsa_estimate,2026-Q2,quarterly,24904.011362191606,\N,estimated,IMF_QNEA,derived_per_capita|QNEA|B1GQ|V|NSA|XDC|Q|population=SP.POP.TOTL_interpolated,NSA,\N
CHL,gdp_nominal_per_capita_lcu_quarterly_nsa_estimate,2025-Q1,quarterly,4134542.7987976186,\N,estimated,IMF_QNEA,derived_per_capita|QNEA|B1GQ|V|NSA|XDC|Q|population=SP.POP.TOTL_interpolated,NSA,\N
CHL,gdp_nominal_per_capita_lcu_quarterly_nsa_estimate,2025-Q2,quarterly,4175388.5590821123,\N,estimated,IMF_QNEA,derived_per_capita|QNEA|B1GQ|V|NSA|XDC|Q|population=SP.POP.TOTL_interpolated,NSA,\N
CHL,gdp_nominal_per_capita_lcu_quarterly_nsa_estimate,2025-Q3,quarterly,4163791.9959500344,\N,estimated,IMF_QNEA,derived_per_capita|QNEA|B1GQ|V|NSA|XDC|Q|population=SP.POP.TOTL_interpolated,NSA,\N
CHL,gdp_nominal_per_capita_lcu_quarterly_nsa_estimate,2025-Q4,quarterly,4654990.138178294,\N,estimated,IMF_QNEA,derived_per_capita|QNEA|B1GQ|V|NSA|XDC|Q|population=SP.POP.TOTL_interpolated,NSA,\N
CHL,gdp_nominal_per_capita_lcu_quarterly_nsa_estimate,2026-Q1,quarterly,4507113.02426631,\N,estimated,IMF_QNEA,derived_per_capita|QNEA|B1GQ|V|NSA|XDC|Q|population=SP.POP.TOTL_interpolated,NSA,\N
CHL,gdp_nominal_per_capita_lcu_quarterly_nsa_estimate,2026-Q2,quarterly,4456662.184104358,\N,estimated,IMF_QNEA,derived_per_capita|QNEA|B1GQ|V|NSA|XDC|Q|population=SP.POP.TOTL_interpolated,NSA,\N
CHN,gdp_nominal_per_capita_lcu_quarterly_nsa_estimate,2025-Q1,quarterly,22626.68863261944,\N,estimated,IMF_QNEA,derived_per_capita|QNEA|B1GQ|V|NSA|XDC|Q|population=SP.POP.TOTL_interpolated,NSA,\N
CHN,gdp_nominal_per_capita_lcu_quarterly_nsa_estimate,2025-Q2,quarterly,24266.06320529326,\N,estimated,IMF_QNEA,derived_per_capita|QNEA|B1GQ|V|NSA|XDC|Q|population=SP.POP.TOTL_interpolated,NSA,\N
CHN,gdp_nominal_per_capita_lcu_quarterly_nsa_estimate,2025-Q3,quarterly,25174.888115542253,\N,estimated,IMF_QNEA,derived_per_capita|QNEA|B1GQ|V|NSA|XDC|Q|population=SP.POP.TOTL_interpolated,NSA,\N
CHN,gdp_nominal_per_capita_lcu_quarterly_nsa_estimate,2025-Q4,quarterly,27578.23380741299,\N,estimated,IMF_QNEA,derived_per_capita|QNEA|B1GQ|V|NSA|XDC|Q|population=SP.POP.TOTL_interpolated,NSA,\N
CHN,gdp_nominal_per_capita_lcu_quarterly_nsa_estimate,2026-Q1,quarterly,23759.168482530386,\N,estimated,IMF_QNEA,derived_per_capita|QNEA|B1GQ|V|NSA|XDC|Q|population=SP.POP.TOTL_interpolated,NSA,\N
CHN,gdp_nominal_per_capita_lcu_quarterly_nsa_estimate,2026-Q2,quarterly,25701.333371250228,\N,estimated,IMF_QNEA,derived_per_capita|QNEA|B1GQ|V|NSA|XDC|Q|population=SP.POP.TOTL_interpolated,NSA,\N
CMR,gdp_nominal_per_capita_lcu_quarterly_nsa_estimate,2025-Q1,quarterly,274120.57072517776,\N,estimated,IMF_QNEA,derived_per_capita|QNEA|B1GQ|V|NSA|XDC|Q|population=SP.POP.TOTL_interpolated,NSA,\N
COL,gdp_nominal_per_capita_lcu_quarterly_nsa_estimate,2025-Q1,quarterly,8383434.157391801,\N,estimated,IMF_QNEA,derived_per_capita|QNEA|B1GQ|V|NSA|XDC|Q|population=SP.POP.TOTL_interpolated,NSA,\N
COL,gdp_nominal_per_capita_lcu_quarterly_nsa_estimate,2025-Q2,quarterly,8264005.235106579,\N,estimated,IMF_QNEA,derived_per_capita|QNEA|B1GQ|V|NSA|XDC|Q|population=SP.POP.TOTL_interpolated,NSA,\N
COL,gdp_nominal_per_capita_lcu_quarterly_nsa_estimate,2025-Q3,quarterly,8948079.406075379,\N,estimated,IMF_QNEA,derived_per_capita|QNEA|B1GQ|V|NSA|XDC|Q|population=SP.POP.TOTL_interpolated,NSA,\N
COL,gdp_nominal_per_capita_lcu_quarterly_nsa_estimate,2025-Q4,quarterly,9124189.43640071,\N,estimated,IMF_QNEA,derived_per_capita|QNEA|B1GQ|V|NSA|XDC|Q|population=SP.POP.TOTL_interpolated,NSA,\N
COL,gdp_nominal_per_capita_lcu_quarterly_nsa_estimate,2026-Q1,quarterly,8896899.089734731,\N,estimated,IMF_QNEA,derived_per_capita|QNEA|B1GQ|V|NSA|XDC|Q|population=SP.POP.TOTL_interpolated,NSA,\N
COL,gdp_nominal_per_capita_lcu_quarterly_nsa_estimate,2026-Q2,quarterly,9107325.37853785,\N,estimated,IMF_QNEA,derived_per_capita|QNEA|B1GQ|V|NSA|XDC|Q|population=SP.POP.TOTL_interpolated,NSA,\N
CPV,gdp_nominal_per_capita_lcu_quarterly_nsa_estimate,2025-Q1,quarterly,139496.49989518104,\N,estimated,IMF_QNEA,derived_per_capita|QNEA|B1GQ|V|NSA|XDC|Q|population=SP.POP.TOTL_interpolated,NSA,\N
CPV,gdp_nominal_per_capita_lcu_quarterly_nsa_estimate,2025-Q2,quarterly,133872.9236871547,\N,estimated,IMF_QNEA,derived_per_capita|QNEA|B1GQ|V|NSA|XDC|Q|population=SP.POP.TOTL_interpolated,NSA,\N
CPV,gdp_nominal_per_capita_lcu_quarterly_nsa_estimate,2025-Q3,quarterly,140656.36142843348,\N,estimated,IMF_QNEA,derived_per_capita|QNEA|B1GQ|V|NSA|XDC|Q|population=SP.POP.TOTL_interpolated,NSA,\N
CPV,gdp_nominal_per_capita_lcu_quarterly_nsa_estimate,2025-Q4,quarterly,153555.90236353927,\N,estimated,IMF_QNEA,derived_per_capita|QNEA|B1GQ|V|NSA|XDC|Q|population=SP.POP.TOTL_interpolated,NSA,\N
CPV,gdp_nominal_per_capita_lcu_quarterly_nsa_estimate,2026-Q1,quarterly,149183.52536331603,\N,estimated,IMF_QNEA,derived_per_capita|QNEA|B1GQ|V|NSA|XDC|Q|population=SP.POP.TOTL_interpolated,NSA,\N
CRI,gdp_nominal_per_capita_lcu_quarterly_nsa_estimate,2025-Q1,quarterly,2522671.125962471,\N,estimated,IMF_QNEA,derived_per_capita|QNEA|B1GQ|V|NSA|XDC|Q|population=SP.POP.TOTL_interpolated,NSA,\N
CRI,gdp_nominal_per_capita_lcu_quarterly_nsa_estimate,2025-Q2,quarterly,2402396.880042407,\N,estimated,IMF_QNEA,derived_per_capita|QNEA|B1GQ|V|NSA|XDC|Q|population=SP.POP.TOTL_interpolated,NSA,\N
CRI,gdp_nominal_per_capita_lcu_quarterly_nsa_estimate,2025-Q3,quarterly,2473111.51864466,\N,estimated,IMF_QNEA,derived_per_capita|QNEA|B1GQ|V|NSA|XDC|Q|population=SP.POP.TOTL_interpolated,NSA,\N
CRI,gdp_nominal_per_capita_lcu_quarterly_nsa_estimate,2025-Q4,quarterly,2662274.483548259,\N,estimated,IMF_QNEA,derived_per_capita|QNEA|B1GQ|V|NSA|XDC|Q|population=SP.POP.TOTL_interpolated,NSA,\N
CRI,gdp_nominal_per_capita_lcu_quarterly_nsa_estimate,2026-Q1,quarterly,2574652.9075578065,\N,estimated,IMF_QNEA,derived_per_capita|QNEA|B1GQ|V|NSA|XDC|Q|population=SP.POP.TOTL_interpolated,NSA,\N
CRI,gdp_nominal_per_capita_lcu_quarterly_nsa_estimate,2026-Q2,quarterly,2441385.6722848075,\N,estimated,IMF_QNEA,derived_per_capita|QNEA|B1GQ|V|NSA|XDC|Q|population=SP.POP.TOTL_interpolated,NSA,\N
CYP,gdp_nominal_per_capita_lcu_quarterly_nsa_estimate,2025-Q1,quarterly,6325.485313053364,\N,estimated,IMF_QNEA,derived_per_capita|QNEA|B1GQ|V|NSA|XDC|Q|population=SP.POP.TOTL_interpolated,NSA,\N
CYP,gdp_nominal_per_capita_lcu_quarterly_nsa_estimate,2025-Q2,quarterly,6623.015713612744,\N,estimated,IMF_QNEA,derived_per_capita|QNEA|B1GQ|V|NSA|XDC|Q|population=SP.POP.TOTL_interpolated,NSA,\N
CYP,gdp_nominal_per_capita_lcu_quarterly_nsa_estimate,2025-Q3,quarterly,6917.579667832449,\N,estimated,IMF_QNEA,derived_per_capita|QNEA|B1GQ|V|NSA|XDC|Q|population=SP.POP.TOTL_interpolated,NSA,\N
CYP,gdp_nominal_per_capita_lcu_quarterly_nsa_estimate,2025-Q4,quarterly,6778.678012247274,\N,estimated,IMF_QNEA,derived_per_capita|QNEA|B1GQ|V|NSA|XDC|Q|population=SP.POP.TOTL_interpolated,NSA,\N
CYP,gdp_nominal_per_capita_lcu_quarterly_nsa_estimate,2026-Q1,quarterly,6718.3462532299745,\N,estimated,IMF_QNEA,derived_per_capita|QNEA|B1GQ|V|NSA|XDC|Q|population=SP.POP.TOTL_interpolated,NSA,\N
CYP,gdp_nominal_per_capita_lcu_quarterly_nsa_estimate,2026-Q2,quarterly,7073.55222016496,\N,estimated,IMF_QNEA,derived_per_capita|QNEA|B1GQ|V|NSA|XDC|Q|population=SP.POP.TOTL_interpolated,NSA,\N
CZE,gdp_nominal_per_capita_lcu_quarterly_nsa_estimate,2025-Q1,quarterly,180275.46557538604,\N,estimated,IMF_QNEA,derived_per_capita|QNEA|B1GQ|V|NSA|XDC|Q|population=SP.POP.TOTL_interpolated,NSA,\N
CZE,gdp_nominal_per_capita_lcu_quarterly_nsa_estimate,2025-Q2,quarterly,197788.22431610632,\N,estimated,IMF_QNEA,derived_per_capita|QNEA|B1GQ|V|NSA|XDC|Q|population=SP.POP.TOTL_interpolated,NSA,\N
CZE,gdp_nominal_per_capita_lcu_quarterly_nsa_estimate,2025-Q3,quarterly,202233.91866795972,\N,estimated,IMF_QNEA,derived_per_capita|QNEA|B1GQ|V|NSA|XDC|Q|population=SP.POP.TOTL_interpolated,NSA,\N
CZE,gdp_nominal_per_capita_lcu_quarterly_nsa_estimate,2025-Q4,quarterly,207021.6089497834,\N,estimated,IMF_QNEA,derived_per_capita|QNEA|B1GQ|V|NSA|XDC|Q|population=SP.POP.TOTL_interpolated,NSA,\N
CZE,gdp_nominal_per_capita_lcu_quarterly_nsa_estimate,2026-Q1,quarterly,189516.13125452495,\N,estimated,IMF_QNEA,derived_per_capita|QNEA|B1GQ|V|NSA|XDC|Q|population=SP.POP.TOTL_interpolated,NSA,\N
CZE,gdp_nominal_per_capita_lcu_quarterly_nsa_estimate,2026-Q2,quarterly,206973.01834373453,\N,estimated,IMF_QNEA,derived_per_capita|QNEA|B1GQ|V|NSA|XDC|Q|population=SP.POP.TOTL_interpolated,NSA,\N
DEU,gdp_nominal_per_capita_lcu_quarterly_nsa_estimate,2025-Q1,quarterly,13367.304603827944,\N,estimated,IMF_QNEA,derived_per_capita|QNEA|B1GQ|V|NSA|XDC|Q|population=SP.POP.TOTL_interpolated,NSA,\N
DEU,gdp_nominal_per_capita_lcu_quarterly_nsa_estimate,2025-Q2,quarterly,13281.007758878057,\N,estimated,IMF_QNEA,derived_per_capita|QNEA|B1GQ|V|NSA|XDC|Q|population=SP.POP.TOTL_interpolated,NSA,\N
DEU,gdp_nominal_per_capita_lcu_quarterly_nsa_estimate,2025-Q3,quarterly,13614.720268467896,\N,estimated,IMF_QNEA,derived_per_capita|QNEA|B1GQ|V|NSA|XDC|Q|population=SP.POP.TOTL_interpolated,NSA,\N
DEU,gdp_nominal_per_capita_lcu_quarterly_nsa_estimate,2025-Q4,quarterly,13988.651672943592,\N,estimated,IMF_QNEA,derived_per_capita|QNEA|B1GQ|V|NSA|XDC|Q|population=SP.POP.TOTL_interpolated,NSA,\N
DEU,gdp_nominal_per_capita_lcu_quarterly_nsa_estimate,2026-Q1,quarterly,13836.89924197924,\N,estimated,IMF_QNEA,derived_per_capita|QNEA|B1GQ|V|NSA|XDC|Q|population=SP.POP.TOTL_interpolated,NSA,\N
DEU,gdp_nominal_per_capita_lcu_quarterly_nsa_estimate,2026-Q2,quarterly,13786.235249636762,\N,estimated,IMF_QNEA,derived_per_capita|QNEA|B1GQ|V|NSA|XDC|Q|population=SP.POP.TOTL_interpolated,NSA,\N
DNK,gdp_nominal_per_capita_lcu_quarterly_nsa_estimate,2025-Q1,quarterly,124663.49064686883,\N,estimated,IMF_QNEA,derived_per_capita|QNEA|B1GQ|V|NSA|XDC|Q|population=SP.POP.TOTL_interpolated,NSA,\N
DNK,gdp_nominal_per_capita_lcu_quarterly_nsa_estimate,2025-Q2,quarterly,128990.84121069062,\N,estimated,IMF_QNEA,derived_per_capita|QNEA|B1GQ|V|NSA|XDC|Q|population=SP.POP.TOTL_interpolated,NSA,\N
DNK,gdp_nominal_per_capita_lcu_quarterly_nsa_estimate,2025-Q3,quarterly,128945.53040528565,\N,estimated,IMF_QNEA,derived_per_capita|QNEA|B1GQ|V|NSA|XDC|Q|population=SP.POP.TOTL_interpolated,NSA,\N
DNK,gdp_nominal_per_capita_lcu_quarterly_nsa_estimate,2025-Q4,quarterly,136700.01359588988,\N,estimated,IMF_QNEA,derived_per_capita|QNEA|B1GQ|V|NSA|XDC|Q|population=SP.POP.TOTL_interpolated,NSA,\N
DNK,gdp_nominal_per_capita_lcu_quarterly_nsa_estimate,2026-Q1,quarterly,126404.07034649882,\N,estimated,IMF_QNEA,derived_per_capita|QNEA|B1GQ|V|NSA|XDC|Q|population=SP.POP.TOTL_interpolated,NSA,\N
DNK,gdp_nominal_per_capita_lcu_quarterly_nsa_estimate,2026-Q2,quarterly,133425.57515024123,\N,estimated,IMF_QNEA,derived_per_capita|QNEA|B1GQ|V|NSA|XDC|Q|population=SP.POP.TOTL_interpolated,NSA,\N
DOM,gdp_nominal_per_capita_lcu_quarterly_nsa_estimate,2025-Q1,quarterly,167850.45897114513,\N,estimated,IMF_QNEA,derived_per_capita|QNEA|B1GQ|V|NSA|XDC|Q|population=SP.POP.TOTL_interpolated,NSA,\N
DOM,gdp_nominal_per_capita_lcu_quarterly_nsa_estimate,2025-Q2,quarterly,169716.49811884627,\N,estimated,IMF_QNEA,derived_per_capita|QNEA|B1GQ|V|NSA|XDC|Q|population=SP.POP.TOTL_interpolated,NSA,\N
DOM,gdp_nominal_per_capita_lcu_quarterly_nsa_estimate,2025-Q3,quarterly,167924.6053177448,\N,estimated,IMF_QNEA,derived_per_capita|QNEA|B1GQ|V|NSA|XDC|Q|population=SP.POP.TOTL_interpolated,NSA,\N
DOM,gdp_nominal_per_capita_lcu_quarterly_nsa_estimate,2025-Q4,quarterly,180709.64910082013,\N,estimated,IMF_QNEA,derived_per_capita|QNEA|B1GQ|V|NSA|XDC|Q|population=SP.POP.TOTL_interpolated,NSA,\N
DOM,gdp_nominal_per_capita_lcu_quarterly_nsa_estimate,2026-Q1,quarterly,181934.8161817621,\N,estimated,IMF_QNEA,derived_per_capita|QNEA|B1GQ|V|NSA|XDC|Q|population=SP.POP.TOTL_interpolated,NSA,\N
DZA,gdp_nominal_per_capita_lcu_quarterly_nsa_estimate,2025-Q1,quarterly,212347.92217448188,\N,estimated,IMF_QNEA,derived_per_capita|QNEA|B1GQ|V|NSA|XDC|Q|population=SP.POP.TOTL_interpolated,NSA,\N
DZA,gdp_nominal_per_capita_lcu_quarterly_nsa_estimate,2025-Q2,quarterly,198700.0779693915,\N,estimated,IMF_QNEA,derived_per_capita|QNEA|B1GQ|V|NSA|XDC|Q|population=SP.POP.TOTL_interpolated,NSA,\N
ECU,gdp_nominal_per_capita_lcu_quarterly_nsa_estimate,2025-Q1,quarterly,1725.5405876241891,\N,estimated,IMF_QNEA,derived_per_capita|QNEA|B1GQ|V|NSA|XDC|Q|population=SP.POP.TOTL_interpolated,NSA,\N
ECU,gdp_nominal_per_capita_lcu_quarterly_nsa_estimate,2025-Q2,quarterly,1752.167329353864,\N,estimated,IMF_QNEA,derived_per_capita|QNEA|B1GQ|V|NSA|XDC|Q|population=SP.POP.TOTL_interpolated,NSA,\N
ECU,gdp_nominal_per_capita_lcu_quarterly_nsa_estimate,2025-Q3,quarterly,1741.387008262376,\N,estimated,IMF_QNEA,derived_per_capita|QNEA|B1GQ|V|NSA|XDC|Q|population=SP.POP.TOTL_interpolated,NSA,\N
ECU,gdp_nominal_per_capita_lcu_quarterly_nsa_estimate,2025-Q4,quarterly,1913.4935602893095,\N,estimated,IMF_QNEA,derived_per_capita|QNEA|B1GQ|V|NSA|XDC|Q|population=SP.POP.TOTL_interpolated,NSA,\N
ECU,gdp_nominal_per_capita_lcu_quarterly_nsa_estimate,2026-Q1,quarterly,1792.7374090827198,\N,estimated,IMF_QNEA,derived_per_capita|QNEA|B1GQ|V|NSA|XDC|Q|population=SP.POP.TOTL_interpolated,NSA,\N
ESP,gdp_nominal_per_capita_lcu_quarterly_nsa_estimate,2025-Q1,quarterly,8073.176946124086,\N,estimated,IMF_QNEA,derived_per_capita|QNEA|B1GQ|V|NSA|XDC|Q|population=SP.POP.TOTL_interpolated,NSA,\N
ESP,gdp_nominal_per_capita_lcu_quarterly_nsa_estimate,2025-Q2,quarterly,8584.197103699493,\N,estimated,IMF_QNEA,derived_per_capita|QNEA|B1GQ|V|NSA|XDC|Q|population=SP.POP.TOTL_interpolated,NSA,\N
ESP,gdp_nominal_per_capita_lcu_quarterly_nsa_estimate,2025-Q3,quarterly,8440.295674961371,\N,estimated,IMF_QNEA,derived_per_capita|QNEA|B1GQ|V|NSA|XDC|Q|population=SP.POP.TOTL_interpolated,NSA,\N
ESP,gdp_nominal_per_capita_lcu_quarterly_nsa_estimate,2025-Q4,quarterly,9128.309080170227,\N,estimated,IMF_QNEA,derived_per_capita|QNEA|B1GQ|V|NSA|XDC|Q|population=SP.POP.TOTL_interpolated,NSA,\N
ESP,gdp_nominal_per_capita_lcu_quarterly_nsa_estimate,2026-Q1,quarterly,8541.541455973495,\N,estimated,IMF_QNEA,derived_per_capita|QNEA|B1GQ|V|NSA|XDC|Q|population=SP.POP.TOTL_interpolated,NSA,\N
ESP,gdp_nominal_per_capita_lcu_quarterly_nsa_estimate,2026-Q2,quarterly,9083.450533209883,\N,estimated,IMF_QNEA,derived_per_capita|QNEA|B1GQ|V|NSA|XDC|Q|population=SP.POP.TOTL_interpolated,NSA,\N
EST,gdp_nominal_per_capita_lcu_quarterly_nsa_estimate,2025-Q1,quarterly,7064.544399609915,\N,estimated,IMF_QNEA,derived_per_capita|QNEA|B1GQ|V|NSA|XDC|Q|population=SP.POP.TOTL_interpolated,NSA,\N
EST,gdp_nominal_per_capita_lcu_quarterly_nsa_estimate,2025-Q2,quarterly,7696.978211622114,\N,estimated,IMF_QNEA,derived_per_capita|QNEA|B1GQ|V|NSA|XDC|Q|population=SP.POP.TOTL_interpolated,NSA,\N
EST,gdp_nominal_per_capita_lcu_quarterly_nsa_estimate,2025-Q3,quarterly,7739.882039554328,\N,estimated,IMF_QNEA,derived_per_capita|QNEA|B1GQ|V|NSA|XDC|Q|population=SP.POP.TOTL_interpolated,NSA,\N
EST,gdp_nominal_per_capita_lcu_quarterly_nsa_estimate,2025-Q4,quarterly,8127.476027735597,\N,estimated,IMF_QNEA,derived_per_capita|QNEA|B1GQ|V|NSA|XDC|Q|population=SP.POP.TOTL_interpolated,NSA,\N
EST,gdp_nominal_per_capita_lcu_quarterly_nsa_estimate,2026-Q1,quarterly,7508.341000750105,\N,estimated,IMF_QNEA,derived_per_capita|QNEA|B1GQ|V|NSA|XDC|Q|population=SP.POP.TOTL_interpolated,NSA,\N
EST,gdp_nominal_per_capita_lcu_quarterly_nsa_estimate,2026-Q2,quarterly,8132.573310891162,\N,estimated,IMF_QNEA,derived_per_capita|QNEA|B1GQ|V|NSA|XDC|Q|population=SP.POP.TOTL_interpolated,NSA,\N
FIN,gdp_nominal_per_capita_lcu_quarterly_nsa_estimate,2025-Q1,quarterly,11853.123197501069,\N,estimated,IMF_QNEA,derived_per_capita|QNEA|B1GQ|V|NSA|XDC|Q|population=SP.POP.TOTL_interpolated,NSA,\N
FIN,gdp_nominal_per_capita_lcu_quarterly_nsa_estimate,2025-Q2,quarterly,12478.734338535176,\N,estimated,IMF_QNEA,derived_per_capita|QNEA|B1GQ|V|NSA|XDC|Q|population=SP.POP.TOTL_interpolated,NSA,\N
FIN,gdp_nominal_per_capita_lcu_quarterly_nsa_estimate,2025-Q3,quarterly,12433.86093457891,\N,estimated,IMF_QNEA,derived_per_capita|QNEA|B1GQ|V|NSA|XDC|Q|population=SP.POP.TOTL_interpolated,NSA,\N
FIN,gdp_nominal_per_capita_lcu_quarterly_nsa_estimate,2025-Q4,quarterly,13167.066801075935,\N,estimated,IMF_QNEA,derived_per_capita|QNEA|B1GQ|V|NSA|XDC|Q|population=SP.POP.TOTL_interpolated,NSA,\N
FIN,gdp_nominal_per_capita_lcu_quarterly_nsa_estimate,2026-Q1,quarterly,12330.609963523893,\N,estimated,IMF_QNEA,derived_per_capita|QNEA|B1GQ|V|NSA|XDC|Q|population=SP.POP.TOTL_interpolated,NSA,\N
FIN,gdp_nominal_per_capita_lcu_quarterly_nsa_estimate,2026-Q2,quarterly,13009.445250065704,\N,estimated,IMF_QNEA,derived_per_capita|QNEA|B1GQ|V|NSA|XDC|Q|population=SP.POP.TOTL_interpolated,NSA,\N
FRA,gdp_nominal_per_capita_lcu_quarterly_nsa_estimate,2025-Q1,quarterly,10640.590812771306,\N,estimated,IMF_QNEA,derived_per_capita|QNEA|B1GQ|V|NSA|XDC|Q|population=SP.POP.TOTL_interpolated,NSA,\N
FRA,gdp_nominal_per_capita_lcu_quarterly_nsa_estimate,2025-Q2,quarterly,10821.756915357368,\N,estimated,IMF_QNEA,derived_per_capita|QNEA|B1GQ|V|NSA|XDC|Q|population=SP.POP.TOTL_interpolated,NSA,\N
FRA,gdp_nominal_per_capita_lcu_quarterly_nsa_estimate,2025-Q3,quarterly,10740.901925437298,\N,estimated,IMF_QNEA,derived_per_capita|QNEA|B1GQ|V|NSA|XDC|Q|population=SP.POP.TOTL_interpolated,NSA,\N
FRA,gdp_nominal_per_capita_lcu_quarterly_nsa_estimate,2025-Q4,quarterly,11334.910944921588,\N,estimated,IMF_QNEA,derived_per_capita|QNEA|B1GQ|V|NSA|XDC|Q|population=SP.POP.TOTL_interpolated,NSA,\N
FRA,gdp_nominal_per_capita_lcu_quarterly_nsa_estimate,2026-Q1,quarterly,10823.127948281162,\N,estimated,IMF_QNEA,derived_per_capita|QNEA|B1GQ|V|NSA|XDC|Q|population=SP.POP.TOTL_interpolated,NSA,\N
FRA,gdp_nominal_per_capita_lcu_quarterly_nsa_estimate,2026-Q2,quarterly,11041.916165224859,\N,estimated,IMF_QNEA,derived_per_capita|QNEA|B1GQ|V|NSA|XDC|Q|population=SP.POP.TOTL_interpolated,NSA,\N
GBR,gdp_nominal_per_capita_lcu_quarterly_nsa_estimate,2025-Q1,quarterly,10860.866088697914,\N,estimated,IMF_QNEA,derived_per_capita|QNEA|B1GQ|V|NSA|XDC|Q|population=SP.POP.TOTL_interpolated,NSA,\N
GBR,gdp_nominal_per_capita_lcu_quarterly_nsa_estimate,2025-Q2,quarterly,10751.14542280768,\N,estimated,IMF_QNEA,derived_per_capita|QNEA|B1GQ|V|NSA|XDC|Q|population=SP.POP.TOTL_interpolated,NSA,\N
GBR,gdp_nominal_per_capita_lcu_quarterly_nsa_estimate,2025-Q3,quarterly,10938.664786219006,\N,estimated,IMF_QNEA,derived_per_capita|QNEA|B1GQ|V|NSA|XDC|Q|population=SP.POP.TOTL_interpolated,NSA,\N
GBR,gdp_nominal_per_capita_lcu_quarterly_nsa_estimate,2025-Q4,quarterly,11126.297005195216,\N,estimated,IMF_QNEA,derived_per_capita|QNEA|B1GQ|V|NSA|XDC|Q|population=SP.POP.TOTL_interpolated,NSA,\N
GBR,gdp_nominal_per_capita_lcu_quarterly_nsa_estimate,2026-Q1,quarterly,11365.910170247673,\N,estimated,IMF_QNEA,derived_per_capita|QNEA|B1GQ|V|NSA|XDC|Q|population=SP.POP.TOTL_interpolated,NSA,\N
GBR,gdp_nominal_per_capita_lcu_quarterly_nsa_estimate,2026-Q2,quarterly,11225.30833105473,\N,estimated,IMF_QNEA,derived_per_capita|QNEA|B1GQ|V|NSA|XDC|Q|population=SP.POP.TOTL_interpolated,NSA,\N
GEO,gdp_nominal_per_capita_lcu_quarterly_nsa_estimate,2025-Q1,quarterly,5712.601610521326,\N,estimated,IMF_QNEA,derived_per_capita|QNEA|B1GQ|V|NSA|XDC|Q|population=SP.POP.TOTL_interpolated,NSA,\N
GEO,gdp_nominal_per_capita_lcu_quarterly_nsa_estimate,2025-Q2,quarterly,6524.174505402565,\N,estimated,IMF_QNEA,derived_per_capita|QNEA|B1GQ|V|NSA|XDC|Q|population=SP.POP.TOTL_interpolated,NSA,\N
GEO,gdp_nominal_per_capita_lcu_quarterly_nsa_estimate,2025-Q3,quarterly,7109.397918727892,\N,estimated,IMF_QNEA,derived_per_capita|QNEA|B1GQ|V|NSA|XDC|Q|population=SP.POP.TOTL_interpolated,NSA,\N
GEO,gdp_nominal_per_capita_lcu_quarterly_nsa_estimate,2025-Q4,quarterly,7322.7580962124275,\N,estimated,IMF_QNEA,derived_per_capita|QNEA|B1GQ|V|NSA|XDC|Q|population=SP.POP.TOTL_interpolated,NSA,\N
GEO,gdp_nominal_per_capita_lcu_quarterly_nsa_estimate,2026-Q1,quarterly,6294.74084551137,\N,estimated,IMF_QNEA,derived_per_capita|QNEA|B1GQ|V|NSA|XDC|Q|population=SP.POP.TOTL_interpolated,NSA,\N
GRC,gdp_nominal_per_capita_lcu_quarterly_nsa_estimate,2025-Q1,quarterly,5294.610244709469,\N,estimated,IMF_QNEA,derived_per_capita|QNEA|B1GQ|V|NSA|XDC|Q|population=SP.POP.TOTL_interpolated,NSA,\N
GRC,gdp_nominal_per_capita_lcu_quarterly_nsa_estimate,2025-Q2,quarterly,5919.655905148427,\N,estimated,IMF_QNEA,derived_per_capita|QNEA|B1GQ|V|NSA|XDC|Q|population=SP.POP.TOTL_interpolated,NSA,\N
GRC,gdp_nominal_per_capita_lcu_quarterly_nsa_estimate,2025-Q3,quarterly,6506.3204859975485,\N,estimated,IMF_QNEA,derived_per_capita|QNEA|B1GQ|V|NSA|XDC|Q|population=SP.POP.TOTL_interpolated,NSA,\N
GRC,gdp_nominal_per_capita_lcu_quarterly_nsa_estimate,2025-Q4,quarterly,6129.87342521511,\N,estimated,IMF_QNEA,derived_per_capita|QNEA|B1GQ|V|NSA|XDC|Q|population=SP.POP.TOTL_interpolated,NSA,\N
GRC,gdp_nominal_per_capita_lcu_quarterly_nsa_estimate,2026-Q1,quarterly,5547.877794541597,\N,estimated,IMF_QNEA,derived_per_capita|QNEA|B1GQ|V|NSA|XDC|Q|population=SP.POP.TOTL_interpolated,NSA,\N
GRC,gdp_nominal_per_capita_lcu_quarterly_nsa_estimate,2026-Q2,quarterly,6282.782301779092,\N,estimated,IMF_QNEA,derived_per_capita|QNEA|B1GQ|V|NSA|XDC|Q|population=SP.POP.TOTL_interpolated,NSA,\N
GTM,gdp_nominal_per_capita_lcu_quarterly_nsa_estimate,2025-Q1,quarterly,12420.555173566823,\N,estimated,IMF_QNEA,derived_per_capita|QNEA|B1GQ|V|NSA|XDC|Q|population=SP.POP.TOTL_interpolated,NSA,\N
GTM,gdp_nominal_per_capita_lcu_quarterly_nsa_estimate,2025-Q2,quarterly,12424.36542718698,\N,estimated,IMF_QNEA,derived_per_capita|QNEA|B1GQ|V|NSA|XDC|Q|population=SP.POP.TOTL_interpolated,NSA,\N
GTM,gdp_nominal_per_capita_lcu_quarterly_nsa_estimate,2025-Q3,quarterly,12606.195369545594,\N,estimated,IMF_QNEA,derived_per_capita|QNEA|B1GQ|V|NSA|XDC|Q|population=SP.POP.TOTL_interpolated,NSA,\N
GTM,gdp_nominal_per_capita_lcu_quarterly_nsa_estimate,2025-Q4,quarterly,13317.293432708871,\N,estimated,IMF_QNEA,derived_per_capita|QNEA|B1GQ|V|NSA|XDC|Q|population=SP.POP.TOTL_interpolated,NSA,\N
GTM,gdp_nominal_per_capita_lcu_quarterly_nsa_estimate,2026-Q1,quarterly,13304.941883834814,\N,estimated,IMF_QNEA,derived_per_capita|QNEA|B1GQ|V|NSA|XDC|Q|population=SP.POP.TOTL_interpolated,NSA,\N
HRV,gdp_nominal_per_capita_lcu_quarterly_nsa_estimate,2025-Q1,quarterly,5058.226713477514,\N,estimated,IMF_QNEA,derived_per_capita|QNEA|B1GQ|V|NSA|XDC|Q|population=SP.POP.TOTL_interpolated,NSA,\N
HRV,gdp_nominal_per_capita_lcu_quarterly_nsa_estimate,2025-Q2,quarterly,5971.616951955251,\N,estimated,IMF_QNEA,derived_per_capita|QNEA|B1GQ|V|NSA|XDC|Q|population=SP.POP.TOTL_interpolated,NSA,\N
HRV,gdp_nominal_per_capita_lcu_quarterly_nsa_estimate,2025-Q3,quarterly,6916.041400724421,\N,estimated,IMF_QNEA,derived_per_capita|QNEA|B1GQ|V|NSA|XDC|Q|population=SP.POP.TOTL_interpolated,NSA,\N
HRV,gdp_nominal_per_capita_lcu_quarterly_nsa_estimate,2025-Q4,quarterly,6047.082359314277,\N,estimated,IMF_QNEA,derived_per_capita|QNEA|B1GQ|V|NSA|XDC|Q|population=SP.POP.TOTL_interpolated,NSA,\N
HRV,gdp_nominal_per_capita_lcu_quarterly_nsa_estimate,2026-Q1,quarterly,5463.019679853981,\N,estimated,IMF_QNEA,derived_per_capita|QNEA|B1GQ|V|NSA|XDC|Q|population=SP.POP.TOTL_interpolated,NSA,\N
HRV,gdp_nominal_per_capita_lcu_quarterly_nsa_estimate,2026-Q2,quarterly,6443.383605072236,\N,estimated,IMF_QNEA,derived_per_capita|QNEA|B1GQ|V|NSA|XDC|Q|population=SP.POP.TOTL_interpolated,NSA,\N
HUN,gdp_nominal_per_capita_lcu_quarterly_nsa_estimate,2025-Q1,quarterly,1888295.2813855696,\N,estimated,IMF_QNEA,derived_per_capita|QNEA|B1GQ|V|NSA|XDC|Q|population=SP.POP.TOTL_interpolated,NSA,\N
HUN,gdp_nominal_per_capita_lcu_quarterly_nsa_estimate,2025-Q2,quarterly,2306963.1882383274,\N,estimated,IMF_QNEA,derived_per_capita|QNEA|B1GQ|V|NSA|XDC|Q|population=SP.POP.TOTL_interpolated,NSA,\N
HUN,gdp_nominal_per_capita_lcu_quarterly_nsa_estimate,2025-Q3,quarterly,2378961.1767461253,\N,estimated,IMF_QNEA,derived_per_capita|QNEA|B1GQ|V|NSA|XDC|Q|population=SP.POP.TOTL_interpolated,NSA,\N
HUN,gdp_nominal_per_capita_lcu_quarterly_nsa_estimate,2025-Q4,quarterly,2569737.9419021,\N,estimated,IMF_QNEA,derived_per_capita|QNEA|B1GQ|V|NSA|XDC|Q|population=SP.POP.TOTL_interpolated,NSA,\N
HUN,gdp_nominal_per_capita_lcu_quarterly_nsa_estimate,2026-Q1,quarterly,2074921.7191593957,\N,estimated,IMF_QNEA,derived_per_capita|QNEA|B1GQ|V|NSA|XDC|Q|population=SP.POP.TOTL_interpolated,NSA,\N
HUN,gdp_nominal_per_capita_lcu_quarterly_nsa_estimate,2026-Q2,quarterly,2411368.1293492257,\N,estimated,IMF_QNEA,derived_per_capita|QNEA|B1GQ|V|NSA|XDC|Q|population=SP.POP.TOTL_interpolated,NSA,\N
IDN,gdp_nominal_per_capita_lcu_quarterly_nsa_estimate,2025-Q1,quarterly,19888627.438820634,\N,estimated,IMF_QNEA,derived_per_capita|QNEA|B1GQ|V|NSA|XDC|Q|population=SP.POP.TOTL_interpolated,NSA,\N
IDN,gdp_nominal_per_capita_lcu_quarterly_nsa_estimate,2025-Q2,quarterly,20836194.678997178,\N,estimated,IMF_QNEA,derived_per_capita|QNEA|B1GQ|V|NSA|XDC|Q|population=SP.POP.TOTL_interpolated,NSA,\N
IDN,gdp_nominal_per_capita_lcu_quarterly_nsa_estimate,2025-Q3,quarterly,21210854.974741884,\N,estimated,IMF_QNEA,derived_per_capita|QNEA|B1GQ|V|NSA|XDC|Q|population=SP.POP.TOTL_interpolated,NSA,\N
IDN,gdp_nominal_per_capita_lcu_quarterly_nsa_estimate,2025-Q4,quarterly,21514811.73068984,\N,estimated,IMF_QNEA,derived_per_capita|QNEA|B1GQ|V|NSA|XDC|Q|population=SP.POP.TOTL_interpolated,NSA,\N
IDN,gdp_nominal_per_capita_lcu_quarterly_nsa_estimate,2026-Q1,quarterly,21656068.294482667,\N,estimated,IMF_QNEA,derived_per_capita|QNEA|B1GQ|V|NSA|XDC|Q|population=SP.POP.TOTL_interpolated,NSA,\N
IDN,gdp_nominal_per_capita_lcu_quarterly_nsa_estimate,2026-Q2,quarterly,22931680.16394833,\N,estimated,IMF_QNEA,derived_per_capita|QNEA|B1GQ|V|NSA|XDC|Q|population=SP.POP.TOTL_interpolated,NSA,\N
IND,gdp_nominal_per_capita_lcu_quarterly_nsa_estimate,2025-Q1,quarterly,59442.86971654164,\N,estimated,IMF_QNEA,derived_per_capita|QNEA|B1GQ|V|NSA|XDC|Q|population=SP.POP.TOTL_interpolated,NSA,\N
IND,gdp_nominal_per_capita_lcu_quarterly_nsa_estimate,2025-Q2,quarterly,54711.54580045259,\N,estimated,IMF_QNEA,derived_per_capita|QNEA|B1GQ|V|NSA|XDC|Q|population=SP.POP.TOTL_interpolated,NSA,\N
IND,gdp_nominal_per_capita_lcu_quarterly_nsa_estimate,2025-Q3,quarterly,54555.30486654503,\N,estimated,IMF_QNEA,derived_per_capita|QNEA|B1GQ|V|NSA|XDC|Q|population=SP.POP.TOTL_interpolated,NSA,\N
IND,gdp_nominal_per_capita_lcu_quarterly_nsa_estimate,2025-Q4,quarterly,62050.73379264124,\N,estimated,IMF_QNEA,derived_per_capita|QNEA|B1GQ|V|NSA|XDC|Q|population=SP.POP.TOTL_interpolated,NSA,\N
IND,gdp_nominal_per_capita_lcu_quarterly_nsa_estimate,2026-Q1,quarterly,64671.56195921753,\N,estimated,IMF_QNEA,derived_per_capita|QNEA|B1GQ|V|NSA|XDC|Q|population=SP.POP.TOTL_interpolated,NSA,\N
IND,gdp_nominal_per_capita_lcu_quarterly_nsa_estimate,2026-Q2,quarterly,60298.373376885145,\N,estimated,IMF_QNEA,derived_per_capita|QNEA|B1GQ|V|NSA|XDC|Q|population=SP.POP.TOTL_interpolated,NSA,\N
IRL,gdp_nominal_per_capita_lcu_quarterly_nsa_estimate,2025-Q1,quarterly,29207.263063658236,\N,estimated,IMF_QNEA,derived_per_capita|QNEA|B1GQ|V|NSA|XDC|Q|population=SP.POP.TOTL_interpolated,NSA,\N
IRL,gdp_nominal_per_capita_lcu_quarterly_nsa_estimate,2025-Q2,quarterly,27153.15282369105,\N,estimated,IMF_QNEA,derived_per_capita|QNEA|B1GQ|V|NSA|XDC|Q|population=SP.POP.TOTL_interpolated,NSA,\N
IRL,gdp_nominal_per_capita_lcu_quarterly_nsa_estimate,2025-Q3,quarterly,27087.475389046722,\N,estimated,IMF_QNEA,derived_per_capita|QNEA|B1GQ|V|NSA|XDC|Q|population=SP.POP.TOTL_interpolated,NSA,\N
IRL,gdp_nominal_per_capita_lcu_quarterly_nsa_estimate,2025-Q4,quarterly,26630.7601081401,\N,estimated,IMF_QNEA,derived_per_capita|QNEA|B1GQ|V|NSA|XDC|Q|population=SP.POP.TOTL_interpolated,NSA,\N
IRL,gdp_nominal_per_capita_lcu_quarterly_nsa_estimate,2026-Q1,quarterly,25228.2364695871,\N,estimated,IMF_QNEA,derived_per_capita|QNEA|B1GQ|V|NSA|XDC|Q|population=SP.POP.TOTL_interpolated,NSA,\N
IRL,gdp_nominal_per_capita_lcu_quarterly_nsa_estimate,2026-Q2,quarterly,27511.714252893726,\N,estimated,IMF_QNEA,derived_per_capita|QNEA|B1GQ|V|NSA|XDC|Q|population=SP.POP.TOTL_interpolated,NSA,\N
ISL,gdp_nominal_per_capita_lcu_quarterly_nsa_estimate,2025-Q1,quarterly,2963202.1511857295,\N,estimated,IMF_QNEA,derived_per_capita|QNEA|B1GQ|V|NSA|XDC|Q|population=SP.POP.TOTL_interpolated,NSA,\N
ISL,gdp_nominal_per_capita_lcu_quarterly_nsa_estimate,2025-Q2,quarterly,3136124.3394543957,\N,estimated,IMF_QNEA,derived_per_capita|QNEA|B1GQ|V|NSA|XDC|Q|population=SP.POP.TOTL_interpolated,NSA,\N
ISL,gdp_nominal_per_capita_lcu_quarterly_nsa_estimate,2025-Q3,quarterly,3328345.472724539,\N,estimated,IMF_QNEA,derived_per_capita|QNEA|B1GQ|V|NSA|XDC|Q|population=SP.POP.TOTL_interpolated,NSA,\N
ISL,gdp_nominal_per_capita_lcu_quarterly_nsa_estimate,2025-Q4,quarterly,3187074.2847932233,\N,estimated,IMF_QNEA,derived_per_capita|QNEA|B1GQ|V|NSA|XDC|Q|population=SP.POP.TOTL_interpolated,NSA,\N
ISL,gdp_nominal_per_capita_lcu_quarterly_nsa_estimate,2026-Q1,quarterly,3301067.4619983486,\N,estimated,IMF_QNEA,derived_per_capita|QNEA|B1GQ|V|NSA|XDC|Q|population=SP.POP.TOTL_interpolated,NSA,\N
ISL,gdp_nominal_per_capita_lcu_quarterly_nsa_estimate,2026-Q2,quarterly,3279353.7146384846,\N,estimated,IMF_QNEA,derived_per_capita|QNEA|B1GQ|V|NSA|XDC|Q|population=SP.POP.TOTL_interpolated,NSA,\N
ISR,gdp_nominal_per_capita_lcu_quarterly_nsa_estimate,2025-Q1,quarterly,50502.715186937334,\N,estimated,IMF_QNEA,derived_per_capita|QNEA|B1GQ|V|NSA|XDC|Q|population=SP.POP.TOTL_interpolated,NSA,\N
ISR,gdp_nominal_per_capita_lcu_quarterly_nsa_estimate,2025-Q2,quarterly,50938.06964475191,\N,estimated,IMF_QNEA,derived_per_capita|QNEA|B1GQ|V|NSA|XDC|Q|population=SP.POP.TOTL_interpolated,NSA,\N
ISR,gdp_nominal_per_capita_lcu_quarterly_nsa_estimate,2025-Q3,quarterly,53812.26538111985,\N,estimated,IMF_QNEA,derived_per_capita|QNEA|B1GQ|V|NSA|XDC|Q|population=SP.POP.TOTL_interpolated,NSA,\N
ISR,gdp_nominal_per_capita_lcu_quarterly_nsa_estimate,2025-Q4,quarterly,55296.59777927056,\N,estimated,IMF_QNEA,derived_per_capita|QNEA|B1GQ|V|NSA|XDC|Q|population=SP.POP.TOTL_interpolated,NSA,\N
ISR,gdp_nominal_per_capita_lcu_quarterly_nsa_estimate,2026-Q1,quarterly,52310.279764492036,\N,estimated,IMF_QNEA,derived_per_capita|QNEA|B1GQ|V|NSA|XDC|Q|population=SP.POP.TOTL_interpolated,NSA,\N
ISR,gdp_nominal_per_capita_lcu_quarterly_nsa_estimate,2026-Q2,quarterly,54964.84174339116,\N,estimated,IMF_QNEA,derived_per_capita|QNEA|B1GQ|V|NSA|XDC|Q|population=SP.POP.TOTL_interpolated,NSA,\N
ITA,gdp_nominal_per_capita_lcu_quarterly_nsa_estimate,2025-Q1,quarterly,9055.490989757956,\N,estimated,IMF_QNEA,derived_per_capita|QNEA|B1GQ|V|NSA|XDC|Q|population=SP.POP.TOTL_interpolated,NSA,\N
ITA,gdp_nominal_per_capita_lcu_quarterly_nsa_estimate,2025-Q2,quarterly,9440.887482438773,\N,estimated,IMF_QNEA,derived_per_capita|QNEA|B1GQ|V|NSA|XDC|Q|population=SP.POP.TOTL_interpolated,NSA,\N
ITA,gdp_nominal_per_capita_lcu_quarterly_nsa_estimate,2025-Q3,quarterly,9583.001163561685,\N,estimated,IMF_QNEA,derived_per_capita|QNEA|B1GQ|V|NSA|XDC|Q|population=SP.POP.TOTL_interpolated,NSA,\N
ITA,gdp_nominal_per_capita_lcu_quarterly_nsa_estimate,2025-Q4,quarterly,10244.550277094428,\N,estimated,IMF_QNEA,derived_per_capita|QNEA|B1GQ|V|NSA|XDC|Q|population=SP.POP.TOTL_interpolated,NSA,\N
ITA,gdp_nominal_per_capita_lcu_quarterly_nsa_estimate,2026-Q1,quarterly,9309.81231881726,\N,estimated,IMF_QNEA,derived_per_capita|QNEA|B1GQ|V|NSA|XDC|Q|population=SP.POP.TOTL_interpolated,NSA,\N
ITA,gdp_nominal_per_capita_lcu_quarterly_nsa_estimate,2026-Q2,quarterly,9677.103485022724,\N,estimated,IMF_QNEA,derived_per_capita|QNEA|B1GQ|V|NSA|XDC|Q|population=SP.POP.TOTL_interpolated,NSA,\N
JOR,gdp_nominal_per_capita_lcu_quarterly_nsa_estimate,2025-Q1,quarterly,855.8093418317045,\N,estimated,IMF_QNEA,derived_per_capita|QNEA|B1GQ|V|NSA|XDC|Q|population=SP.POP.TOTL_interpolated,NSA,\N
JOR,gdp_nominal_per_capita_lcu_quarterly_nsa_estimate,2025-Q2,quarterly,910.2317671590637,\N,estimated,IMF_QNEA,derived_per_capita|QNEA|B1GQ|V|NSA|XDC|Q|population=SP.POP.TOTL_interpolated,NSA,\N
JOR,gdp_nominal_per_capita_lcu_quarterly_nsa_estimate,2025-Q3,quarterly,1017.7727480376512,\N,estimated,IMF_QNEA,derived_per_capita|QNEA|B1GQ|V|NSA|XDC|Q|population=SP.POP.TOTL_interpolated,NSA,\N
JOR,gdp_nominal_per_capita_lcu_quarterly_nsa_estimate,2025-Q4,quarterly,1011.8933445847485,\N,estimated,IMF_QNEA,derived_per_capita|QNEA|B1GQ|V|NSA|XDC|Q|population=SP.POP.TOTL_interpolated,NSA,\N
JOR,gdp_nominal_per_capita_lcu_quarterly_nsa_estimate,2026-Q1,quarterly,900.0013087208017,\N,estimated,IMF_QNEA,derived_per_capita|QNEA|B1GQ|V|NSA|XDC|Q|population=SP.POP.TOTL_interpolated,NSA,\N
JPN,gdp_nominal_per_capita_lcu_quarterly_nsa_estimate,2025-Q1,quarterly,1327657.5590655876,\N,estimated,IMF_QNEA,derived_per_capita|QNEA|B1GQ|V|NSA|XDC|Q|population=SP.POP.TOTL_interpolated,NSA,\N
JPN,gdp_nominal_per_capita_lcu_quarterly_nsa_estimate,2025-Q2,quarterly,1331879.0715468836,\N,estimated,IMF_QNEA,derived_per_capita|QNEA|B1GQ|V|NSA|XDC|Q|population=SP.POP.TOTL_interpolated,NSA,\N
JPN,gdp_nominal_per_capita_lcu_quarterly_nsa_estimate,2025-Q3,quarterly,1320449.1577121592,\N,estimated,IMF_QNEA,derived_per_capita|QNEA|B1GQ|V|NSA|XDC|Q|population=SP.POP.TOTL_interpolated,NSA,\N
JPN,gdp_nominal_per_capita_lcu_quarterly_nsa_estimate,2025-Q4,quarterly,1418855.750854197,\N,estimated,IMF_QNEA,derived_per_capita|QNEA|B1GQ|V|NSA|XDC|Q|population=SP.POP.TOTL_interpolated,NSA,\N
JPN,gdp_nominal_per_capita_lcu_quarterly_nsa_estimate,2026-Q1,quarterly,1380393.1941652927,\N,estimated,IMF_QNEA,derived_per_capita|QNEA|B1GQ|V|NSA|XDC|Q|population=SP.POP.TOTL_interpolated,NSA,\N
JPN,gdp_nominal_per_capita_lcu_quarterly_nsa_estimate,2026-Q2,quarterly,1375953.5856724554,\N,estimated,IMF_QNEA,derived_per_capita|QNEA|B1GQ|V|NSA|XDC|Q|population=SP.POP.TOTL_interpolated,NSA,\N
KEN,gdp_nominal_per_capita_lcu_quarterly_nsa_estimate,2025-Q1,quarterly,77370.80630703829,\N,estimated,IMF_QNEA,derived_per_capita|QNEA|B1GQ|V|NSA|XDC|Q|population=SP.POP.TOTL_interpolated,NSA,\N
KEN,gdp_nominal_per_capita_lcu_quarterly_nsa_estimate,2025-Q2,quarterly,78639.15179356879,\N,estimated,IMF_QNEA,derived_per_capita|QNEA|B1GQ|V|NSA|XDC|Q|population=SP.POP.TOTL_interpolated,NSA,\N
KEN,gdp_nominal_per_capita_lcu_quarterly_nsa_estimate,2025-Q3,quarterly,74087.26404398988,\N,estimated,IMF_QNEA,derived_per_capita|QNEA|B1GQ|V|NSA|XDC|Q|population=SP.POP.TOTL_interpolated,NSA,\N
KOR,gdp_nominal_per_capita_lcu_quarterly_nsa_estimate,2025-Q1,quarterly,12207189.725515027,\N,estimated,IMF_QNEA,derived_per_capita|QNEA|B1GQ|V|NSA|XDC|Q|population=SP.POP.TOTL_interpolated,NSA,\N
KOR,gdp_nominal_per_capita_lcu_quarterly_nsa_estimate,2025-Q2,quarterly,12726890.878458634,\N,estimated,IMF_QNEA,derived_per_capita|QNEA|B1GQ|V|NSA|XDC|Q|population=SP.POP.TOTL_interpolated,NSA,\N
KOR,gdp_nominal_per_capita_lcu_quarterly_nsa_estimate,2025-Q3,quarterly,13082395.355023213,\N,estimated,IMF_QNEA,derived_per_capita|QNEA|B1GQ|V|NSA|XDC|Q|population=SP.POP.TOTL_interpolated,NSA,\N
KOR,gdp_nominal_per_capita_lcu_quarterly_nsa_estimate,2025-Q4,quarterly,13764254.642836882,\N,estimated,IMF_QNEA,derived_per_capita|QNEA|B1GQ|V|NSA|XDC|Q|population=SP.POP.TOTL_interpolated,NSA,\N
KOR,gdp_nominal_per_capita_lcu_quarterly_nsa_estimate,2026-Q1,quarterly,14304077.325678902,\N,estimated,IMF_QNEA,derived_per_capita|QNEA|B1GQ|V|NSA|XDC|Q|population=SP.POP.TOTL_interpolated,NSA,\N
LKA,gdp_nominal_per_capita_lcu_quarterly_nsa_estimate,2025-Q1,quarterly,378322.5786649656,\N,estimated,IMF_QNEA,derived_per_capita|QNEA|B1GQ|V|NSA|XDC|Q|population=SP.POP.TOTL_interpolated,NSA,\N
LKA,gdp_nominal_per_capita_lcu_quarterly_nsa_estimate,2025-Q2,quarterly,340480.6391769145,\N,estimated,IMF_QNEA,derived_per_capita|QNEA|B1GQ|V|NSA|XDC|Q|population=SP.POP.TOTL_interpolated,NSA,\N
LKA,gdp_nominal_per_capita_lcu_quarterly_nsa_estimate,2025-Q3,quarterly,385306.8292306453,\N,estimated,IMF_QNEA,derived_per_capita|QNEA|B1GQ|V|NSA|XDC|Q|population=SP.POP.TOTL_interpolated,NSA,\N
LKA,gdp_nominal_per_capita_lcu_quarterly_nsa_estimate,2025-Q4,quarterly,399904.23211965576,\N,estimated,IMF_QNEA,derived_per_capita|QNEA|B1GQ|V|NSA|XDC|Q|population=SP.POP.TOTL_interpolated,NSA,\N
LSO,gdp_nominal_per_capita_lcu_quarterly_nsa_estimate,2025-Q1,quarterly,4658.013939349852,\N,estimated,IMF_QNEA,derived_per_capita|QNEA|B1GQ|V|NSA|XDC|Q|population=SP.POP.TOTL_interpolated,NSA,\N
LSO,gdp_nominal_per_capita_lcu_quarterly_nsa_estimate,2025-Q2,quarterly,4740.912031196008,\N,estimated,IMF_QNEA,derived_per_capita|QNEA|B1GQ|V|NSA|XDC|Q|population=SP.POP.TOTL_interpolated,NSA,\N
LSO,gdp_nominal_per_capita_lcu_quarterly_nsa_estimate,2025-Q3,quarterly,4784.827530923169,\N,estimated,IMF_QNEA,derived_per_capita|QNEA|B1GQ|V|NSA|XDC|Q|population=SP.POP.TOTL_interpolated,NSA,\N
LSO,gdp_nominal_per_capita_lcu_quarterly_nsa_estimate,2025-Q4,quarterly,4909.769558474522,\N,estimated,IMF_QNEA,derived_per_capita|QNEA|B1GQ|V|NSA|XDC|Q|population=SP.POP.TOTL_interpolated,NSA,\N
LSO,gdp_nominal_per_capita_lcu_quarterly_nsa_estimate,2026-Q1,quarterly,4876.048688517407,\N,estimated,IMF_QNEA,derived_per_capita|QNEA|B1GQ|V|NSA|XDC|Q|population=SP.POP.TOTL_interpolated,NSA,\N
LTU,gdp_nominal_per_capita_lcu_quarterly_nsa_estimate,2025-Q1,quarterly,6536.136559453962,\N,estimated,IMF_QNEA,derived_per_capita|QNEA|B1GQ|V|NSA|XDC|Q|population=SP.POP.TOTL_interpolated,NSA,\N
LTU,gdp_nominal_per_capita_lcu_quarterly_nsa_estimate,2025-Q2,quarterly,7183.571895709922,\N,estimated,IMF_QNEA,derived_per_capita|QNEA|B1GQ|V|NSA|XDC|Q|population=SP.POP.TOTL_interpolated,NSA,\N
LTU,gdp_nominal_per_capita_lcu_quarterly_nsa_estimate,2025-Q3,quarterly,7678.364022592283,\N,estimated,IMF_QNEA,derived_per_capita|QNEA|B1GQ|V|NSA|XDC|Q|population=SP.POP.TOTL_interpolated,NSA,\N
LTU,gdp_nominal_per_capita_lcu_quarterly_nsa_estimate,2025-Q4,quarterly,7769.902852905766,\N,estimated,IMF_QNEA,derived_per_capita|QNEA|B1GQ|V|NSA|XDC|Q|population=SP.POP.TOTL_interpolated,NSA,\N
LTU,gdp_nominal_per_capita_lcu_quarterly_nsa_estimate,2026-Q1,quarterly,7024.37940835801,\N,estimated,IMF_QNEA,derived_per_capita|QNEA|B1GQ|V|NSA|XDC|Q|population=SP.POP.TOTL_interpolated,NSA,\N
LTU,gdp_nominal_per_capita_lcu_quarterly_nsa_estimate,2026-Q2,quarterly,7885.53662487962,\N,estimated,IMF_QNEA,derived_per_capita|QNEA|B1GQ|V|NSA|XDC|Q|population=SP.POP.TOTL_interpolated,NSA,\N
LUX,gdp_nominal_per_capita_lcu_quarterly_nsa_estimate,2025-Q1,quarterly,31280.50017874504,\N,estimated,IMF_QNEA,derived_per_capita|QNEA|B1GQ|V|NSA|XDC|Q|population=SP.POP.TOTL_interpolated,NSA,\N
LUX,gdp_nominal_per_capita_lcu_quarterly_nsa_estimate,2025-Q2,quarterly,31886.5872300896,\N,estimated,IMF_QNEA,derived_per_capita|QNEA|B1GQ|V|NSA|XDC|Q|population=SP.POP.TOTL_interpolated,NSA,\N
LUX,gdp_nominal_per_capita_lcu_quarterly_nsa_estimate,2025-Q3,quarterly,32030.242950929445,\N,estimated,IMF_QNEA,derived_per_capita|QNEA|B1GQ|V|NSA|XDC|Q|population=SP.POP.TOTL_interpolated,NSA,\N
LUX,gdp_nominal_per_capita_lcu_quarterly_nsa_estimate,2025-Q4,quarterly,35344.089261539804,\N,estimated,IMF_QNEA,derived_per_capita|QNEA|B1GQ|V|NSA|XDC|Q|population=SP.POP.TOTL_interpolated,NSA,\N
LUX,gdp_nominal_per_capita_lcu_quarterly_nsa_estimate,2026-Q1,quarterly,32233.436685735913,\N,estimated,IMF_QNEA,derived_per_capita|QNEA|B1GQ|V|NSA|XDC|Q|population=SP.POP.TOTL_interpolated,NSA,\N
LVA,gdp_nominal_per_capita_lcu_quarterly_nsa_estimate,2025-Q1,quarterly,5014.870835301066,\N,estimated,IMF_QNEA,derived_per_capita|QNEA|B1GQ|V|NSA|XDC|Q|population=SP.POP.TOTL_interpolated,NSA,\N
LVA,gdp_nominal_per_capita_lcu_quarterly_nsa_estimate,2025-Q2,quarterly,5782.1705970540825,\N,estimated,IMF_QNEA,derived_per_capita|QNEA|B1GQ|V|NSA|XDC|Q|population=SP.POP.TOTL_interpolated,NSA,\N
LVA,gdp_nominal_per_capita_lcu_quarterly_nsa_estimate,2025-Q3,quarterly,6064.7245215217135,\N,estimated,IMF_QNEA,derived_per_capita|QNEA|B1GQ|V|NSA|XDC|Q|population=SP.POP.TOTL_interpolated,NSA,\N
LVA,gdp_nominal_per_capita_lcu_quarterly_nsa_estimate,2025-Q4,quarterly,6397.6750541864985,\N,estimated,IMF_QNEA,derived_per_capita|QNEA|B1GQ|V|NSA|XDC|Q|population=SP.POP.TOTL_interpolated,NSA,\N
LVA,gdp_nominal_per_capita_lcu_quarterly_nsa_estimate,2026-Q1,quarterly,5333.839705376979,\N,estimated,IMF_QNEA,derived_per_capita|QNEA|B1GQ|V|NSA|XDC|Q|population=SP.POP.TOTL_interpolated,NSA,\N
LVA,gdp_nominal_per_capita_lcu_quarterly_nsa_estimate,2026-Q2,quarterly,6218.906420389818,\N,estimated,IMF_QNEA,derived_per_capita|QNEA|B1GQ|V|NSA|XDC|Q|population=SP.POP.TOTL_interpolated,NSA,\N
MDA,gdp_nominal_per_capita_lcu_quarterly_nsa_estimate,2025-Q1,quarterly,30727.23251173689,\N,estimated,IMF_QNEA,derived_per_capita|QNEA|B1GQ|V|NSA|XDC|Q|population=SP.POP.TOTL_interpolated,NSA,\N
MDA,gdp_nominal_per_capita_lcu_quarterly_nsa_estimate,2025-Q2,quarterly,34808.47379252872,\N,estimated,IMF_QNEA,derived_per_capita|QNEA|B1GQ|V|NSA|XDC|Q|population=SP.POP.TOTL_interpolated,NSA,\N
MDA,gdp_nominal_per_capita_lcu_quarterly_nsa_estimate,2025-Q3,quarterly,43253.25808779819,\N,estimated,IMF_QNEA,derived_per_capita|QNEA|B1GQ|V|NSA|XDC|Q|population=SP.POP.TOTL_interpolated,NSA,\N
MDA,gdp_nominal_per_capita_lcu_quarterly_nsa_estimate,2025-Q4,quarterly,40693.62442294454,\N,estimated,IMF_QNEA,derived_per_capita|QNEA|B1GQ|V|NSA|XDC|Q|population=SP.POP.TOTL_interpolated,NSA,\N
MDA,gdp_nominal_per_capita_lcu_quarterly_nsa_estimate,2026-Q1,quarterly,32811.28946502476,\N,estimated,IMF_QNEA,derived_per_capita|QNEA|B1GQ|V|NSA|XDC|Q|population=SP.POP.TOTL_interpolated,NSA,\N
MEX,gdp_nominal_per_capita_lcu_quarterly_nsa_estimate,2025-Q1,quarterly,65195.81117950425,\N,estimated,IMF_QNEA,derived_per_capita|QNEA|B1GQ|V|NSA|XDC|Q|population=SP.POP.TOTL_interpolated,NSA,\N
MEX,gdp_nominal_per_capita_lcu_quarterly_nsa_estimate,2025-Q2,quarterly,66950.66695446348,\N,estimated,IMF_QNEA,derived_per_capita|QNEA|B1GQ|V|NSA|XDC|Q|population=SP.POP.TOTL_interpolated,NSA,\N
MEX,gdp_nominal_per_capita_lcu_quarterly_nsa_estimate,2025-Q3,quarterly,66735.1601288094,\N,estimated,IMF_QNEA,derived_per_capita|QNEA|B1GQ|V|NSA|XDC|Q|population=SP.POP.TOTL_interpolated,NSA,\N
MEX,gdp_nominal_per_capita_lcu_quarterly_nsa_estimate,2025-Q4,quarterly,68932.31671225319,\N,estimated,IMF_QNEA,derived_per_capita|QNEA|B1GQ|V|NSA|XDC|Q|population=SP.POP.TOTL_interpolated,NSA,\N
MEX,gdp_nominal_per_capita_lcu_quarterly_nsa_estimate,2026-Q1,quarterly,67183.48744835991,\N,estimated,IMF_QNEA,derived_per_capita|QNEA|B1GQ|V|NSA|XDC|Q|population=SP.POP.TOTL_interpolated,NSA,\N
MEX,gdp_nominal_per_capita_lcu_quarterly_nsa_estimate,2026-Q2,quarterly,71108.87106858895,\N,estimated,IMF_QNEA,derived_per_capita|QNEA|B1GQ|V|NSA|XDC|Q|population=SP.POP.TOTL_interpolated,NSA,\N
MKD,gdp_nominal_per_capita_lcu_quarterly_nsa_estimate,2025-Q1,quarterly,121951.22149661995,\N,estimated,IMF_QNEA,derived_per_capita|QNEA|B1GQ|V|NSA|XDC|Q|population=SP.POP.TOTL_interpolated,NSA,\N
MKD,gdp_nominal_per_capita_lcu_quarterly_nsa_estimate,2025-Q2,quarterly,138124.60311959832,\N,estimated,IMF_QNEA,derived_per_capita|QNEA|B1GQ|V|NSA|XDC|Q|population=SP.POP.TOTL_interpolated,NSA,\N
MKD,gdp_nominal_per_capita_lcu_quarterly_nsa_estimate,2025-Q3,quarterly,149722.0056219174,\N,estimated,IMF_QNEA,derived_per_capita|QNEA|B1GQ|V|NSA|XDC|Q|population=SP.POP.TOTL_interpolated,NSA,\N
MKD,gdp_nominal_per_capita_lcu_quarterly_nsa_estimate,2025-Q4,quarterly,163357.2407478902,\N,estimated,IMF_QNEA,derived_per_capita|QNEA|B1GQ|V|NSA|XDC|Q|population=SP.POP.TOTL_interpolated,NSA,\N
MKD,gdp_nominal_per_capita_lcu_quarterly_nsa_estimate,2026-Q1,quarterly,132114.72302295172,\N,estimated,IMF_QNEA,derived_per_capita|QNEA|B1GQ|V|NSA|XDC|Q|population=SP.POP.TOTL_interpolated,NSA,\N
MKD,gdp_nominal_per_capita_lcu_quarterly_nsa_estimate,2026-Q2,quarterly,149587.36110261414,\N,estimated,IMF_QNEA,derived_per_capita|QNEA|B1GQ|V|NSA|XDC|Q|population=SP.POP.TOTL_interpolated,NSA,\N
MLT,gdp_nominal_per_capita_lcu_quarterly_nsa_estimate,2025-Q1,quarterly,10040.39101675309,\N,estimated,IMF_QNEA,derived_per_capita|QNEA|B1GQ|V|NSA|XDC|Q|population=SP.POP.TOTL_interpolated,NSA,\N
MLT,gdp_nominal_per_capita_lcu_quarterly_nsa_estimate,2025-Q2,quarterly,10577.806353669674,\N,estimated,IMF_QNEA,derived_per_capita|QNEA|B1GQ|V|NSA|XDC|Q|population=SP.POP.TOTL_interpolated,NSA,\N
MLT,gdp_nominal_per_capita_lcu_quarterly_nsa_estimate,2025-Q3,quarterly,11061.776266853429,\N,estimated,IMF_QNEA,derived_per_capita|QNEA|B1GQ|V|NSA|XDC|Q|population=SP.POP.TOTL_interpolated,NSA,\N
MLT,gdp_nominal_per_capita_lcu_quarterly_nsa_estimate,2025-Q4,quarterly,10961.20737824821,\N,estimated,IMF_QNEA,derived_per_capita|QNEA|B1GQ|V|NSA|XDC|Q|population=SP.POP.TOTL_interpolated,NSA,\N
MLT,gdp_nominal_per_capita_lcu_quarterly_nsa_estimate,2026-Q1,quarterly,10662.43828574583,\N,estimated,IMF_QNEA,derived_per_capita|QNEA|B1GQ|V|NSA|XDC|Q|population=SP.POP.TOTL_interpolated,NSA,\N
MLT,gdp_nominal_per_capita_lcu_quarterly_nsa_estimate,2026-Q2,quarterly,11272.579447442144,\N,estimated,IMF_QNEA,derived_per_capita|QNEA|B1GQ|V|NSA|XDC|Q|population=SP.POP.TOTL_interpolated,NSA,\N
MNE,gdp_nominal_per_capita_lcu_quarterly_nsa_estimate,2025-Q1,quarterly,2506.2393043227135,\N,estimated,IMF_QNEA,derived_per_capita|QNEA|B1GQ|V|NSA|XDC|Q|population=SP.POP.TOTL_interpolated,NSA,\N
MNE,gdp_nominal_per_capita_lcu_quarterly_nsa_estimate,2025-Q2,quarterly,3222.374728909935,\N,estimated,IMF_QNEA,derived_per_capita|QNEA|B1GQ|V|NSA|XDC|Q|population=SP.POP.TOTL_interpolated,NSA,\N
MNE,gdp_nominal_per_capita_lcu_quarterly_nsa_estimate,2025-Q3,quarterly,4126.742465845756,\N,estimated,IMF_QNEA,derived_per_capita|QNEA|B1GQ|V|NSA|XDC|Q|population=SP.POP.TOTL_interpolated,NSA,\N
MNE,gdp_nominal_per_capita_lcu_quarterly_nsa_estimate,2025-Q4,quarterly,3256.2319712290714,\N,estimated,IMF_QNEA,derived_per_capita|QNEA|B1GQ|V|NSA|XDC|Q|population=SP.POP.TOTL_interpolated,NSA,\N
MNE,gdp_nominal_per_capita_lcu_quarterly_nsa_estimate,2026-Q1,quarterly,2652.2278276247775,\N,estimated,IMF_QNEA,derived_per_capita|QNEA|B1GQ|V|NSA|XDC|Q|population=SP.POP.TOTL_interpolated,NSA,\N
MNE,gdp_nominal_per_capita_lcu_quarterly_nsa_estimate,2026-Q2,quarterly,3443.9332321236857,\N,estimated,IMF_QNEA,derived_per_capita|QNEA|B1GQ|V|NSA|XDC|Q|population=SP.POP.TOTL_interpolated,NSA,\N
MNG,gdp_nominal_per_capita_lcu_quarterly_nsa_estimate,2025-Q1,quarterly,5041947.525294521,\N,estimated,IMF_QNEA,derived_per_capita|QNEA|B1GQ|V|NSA|XDC|Q|population=SP.POP.TOTL_interpolated,NSA,\N
MNG,gdp_nominal_per_capita_lcu_quarterly_nsa_estimate,2025-Q2,quarterly,6284947.03577516,\N,estimated,IMF_QNEA,derived_per_capita|QNEA|B1GQ|V|NSA|XDC|Q|population=SP.POP.TOTL_interpolated,NSA,\N
MNG,gdp_nominal_per_capita_lcu_quarterly_nsa_estimate,2025-Q3,quarterly,6065104.966084092,\N,estimated,IMF_QNEA,derived_per_capita|QNEA|B1GQ|V|NSA|XDC|Q|population=SP.POP.TOTL_interpolated,NSA,\N
MNG,gdp_nominal_per_capita_lcu_quarterly_nsa_estimate,2025-Q4,quarterly,8583615.36605681,\N,estimated,IMF_QNEA,derived_per_capita|QNEA|B1GQ|V|NSA|XDC|Q|population=SP.POP.TOTL_interpolated,NSA,\N
MNG,gdp_nominal_per_capita_lcu_quarterly_nsa_estimate,2026-Q1,quarterly,6999573.594910299,\N,estimated,IMF_QNEA,derived_per_capita|QNEA|B1GQ|V|NSA|XDC|Q|population=SP.POP.TOTL_interpolated,NSA,\N
MUS,gdp_nominal_per_capita_lcu_quarterly_nsa_estimate,2025-Q1,quarterly,136222.00468820843,\N,estimated,IMF_QNEA,derived_per_capita|QNEA|B1GQ|V|NSA|XDC|Q|population=SP.POP.TOTL_interpolated,NSA,\N
MUS,gdp_nominal_per_capita_lcu_quarterly_nsa_estimate,2025-Q2,quarterly,140310.7687465974,\N,estimated,IMF_QNEA,derived_per_capita|QNEA|B1GQ|V|NSA|XDC|Q|population=SP.POP.TOTL_interpolated,NSA,\N
MYS,gdp_nominal_per_capita_lcu_quarterly_nsa_estimate,2025-Q1,quarterly,13542.793034513494,\N,estimated,IMF_QNEA,derived_per_capita|QNEA|B1GQ|V|NSA|XDC|Q|population=SP.POP.TOTL_interpolated,NSA,\N
MYS,gdp_nominal_per_capita_lcu_quarterly_nsa_estimate,2025-Q2,quarterly,13632.225232359551,\N,estimated,IMF_QNEA,derived_per_capita|QNEA|B1GQ|V|NSA|XDC|Q|population=SP.POP.TOTL_interpolated,NSA,\N
MYS,gdp_nominal_per_capita_lcu_quarterly_nsa_estimate,2025-Q3,quarterly,14385.871268862793,\N,estimated,IMF_QNEA,derived_per_capita|QNEA|B1GQ|V|NSA|XDC|Q|population=SP.POP.TOTL_interpolated,NSA,\N
MYS,gdp_nominal_per_capita_lcu_quarterly_nsa_estimate,2025-Q4,quarterly,14813.507971212723,\N,estimated,IMF_QNEA,derived_per_capita|QNEA|B1GQ|V|NSA|XDC|Q|population=SP.POP.TOTL_interpolated,NSA,\N
MYS,gdp_nominal_per_capita_lcu_quarterly_nsa_estimate,2026-Q1,quarterly,14271.302850382504,\N,estimated,IMF_QNEA,derived_per_capita|QNEA|B1GQ|V|NSA|XDC|Q|population=SP.POP.TOTL_interpolated,NSA,\N
NAM,gdp_nominal_per_capita_lcu_quarterly_nsa_estimate,2025-Q1,quarterly,21570.00070822127,\N,estimated,IMF_QNEA,derived_per_capita|QNEA|B1GQ|V|NSA|XDC|Q|population=SP.POP.TOTL_interpolated,NSA,\N
NAM,gdp_nominal_per_capita_lcu_quarterly_nsa_estimate,2025-Q2,quarterly,21147.946524619303,\N,estimated,IMF_QNEA,derived_per_capita|QNEA|B1GQ|V|NSA|XDC|Q|population=SP.POP.TOTL_interpolated,NSA,\N
NAM,gdp_nominal_per_capita_lcu_quarterly_nsa_estimate,2025-Q3,quarterly,21455.20457731724,\N,estimated,IMF_QNEA,derived_per_capita|QNEA|B1GQ|V|NSA|XDC|Q|population=SP.POP.TOTL_interpolated,NSA,\N
NAM,gdp_nominal_per_capita_lcu_quarterly_nsa_estimate,2025-Q4,quarterly,23268.438859602382,\N,estimated,IMF_QNEA,derived_per_capita|QNEA|B1GQ|V|NSA|XDC|Q|population=SP.POP.TOTL_interpolated,NSA,\N
NIC,gdp_nominal_per_capita_lcu_quarterly_nsa_estimate,2025-Q1,quarterly,27230.131005818996,\N,estimated,IMF_QNEA,derived_per_capita|QNEA|B1GQ|V|NSA|XDC|Q|population=SP.POP.TOTL_interpolated,NSA,\N
NIC,gdp_nominal_per_capita_lcu_quarterly_nsa_estimate,2025-Q2,quarterly,28210.180981704794,\N,estimated,IMF_QNEA,derived_per_capita|QNEA|B1GQ|V|NSA|XDC|Q|population=SP.POP.TOTL_interpolated,NSA,\N
NIC,gdp_nominal_per_capita_lcu_quarterly_nsa_estimate,2025-Q3,quarterly,29068.923990466217,\N,estimated,IMF_QNEA,derived_per_capita|QNEA|B1GQ|V|NSA|XDC|Q|population=SP.POP.TOTL_interpolated,NSA,\N
NIC,gdp_nominal_per_capita_lcu_quarterly_nsa_estimate,2025-Q4,quarterly,31891.1263143845,\N,estimated,IMF_QNEA,derived_per_capita|QNEA|B1GQ|V|NSA|XDC|Q|population=SP.POP.TOTL_interpolated,NSA,\N
NLD,gdp_nominal_per_capita_lcu_quarterly_nsa_estimate,2025-Q1,quarterly,15647.511380457727,\N,estimated,IMF_QNEA,derived_per_capita|QNEA|B1GQ|V|NSA|XDC|Q|population=SP.POP.TOTL_interpolated,NSA,\N
NLD,gdp_nominal_per_capita_lcu_quarterly_nsa_estimate,2025-Q2,quarterly,16463.444943393995,\N,estimated,IMF_QNEA,derived_per_capita|QNEA|B1GQ|V|NSA|XDC|Q|population=SP.POP.TOTL_interpolated,NSA,\N
NLD,gdp_nominal_per_capita_lcu_quarterly_nsa_estimate,2025-Q3,quarterly,15936.026565775632,\N,estimated,IMF_QNEA,derived_per_capita|QNEA|B1GQ|V|NSA|XDC|Q|population=SP.POP.TOTL_interpolated,NSA,\N
NLD,gdp_nominal_per_capita_lcu_quarterly_nsa_estimate,2025-Q4,quarterly,16711.36295169191,\N,estimated,IMF_QNEA,derived_per_capita|QNEA|B1GQ|V|NSA|XDC|Q|population=SP.POP.TOTL_interpolated,NSA,\N
NLD,gdp_nominal_per_capita_lcu_quarterly_nsa_estimate,2026-Q1,quarterly,16279.078638979461,\N,estimated,IMF_QNEA,derived_per_capita|QNEA|B1GQ|V|NSA|XDC|Q|population=SP.POP.TOTL_interpolated,NSA,\N
NLD,gdp_nominal_per_capita_lcu_quarterly_nsa_estimate,2026-Q2,quarterly,17248.91255809978,\N,estimated,IMF_QNEA,derived_per_capita|QNEA|B1GQ|V|NSA|XDC|Q|population=SP.POP.TOTL_interpolated,NSA,\N
NOR,gdp_nominal_per_capita_lcu_quarterly_nsa_estimate,2025-Q1,quarterly,256039.13516967956,\N,estimated,IMF_QNEA,derived_per_capita|QNEA|B1GQ|V|NSA|XDC|Q|population=SP.POP.TOTL_interpolated,NSA,\N
NOR,gdp_nominal_per_capita_lcu_quarterly_nsa_estimate,2025-Q2,quarterly,240406.69126674373,\N,estimated,IMF_QNEA,derived_per_capita|QNEA|B1GQ|V|NSA|XDC|Q|population=SP.POP.TOTL_interpolated,NSA,\N
NOR,gdp_nominal_per_capita_lcu_quarterly_nsa_estimate,2025-Q3,quarterly,237538.741763755,\N,estimated,IMF_QNEA,derived_per_capita|QNEA|B1GQ|V|NSA|XDC|Q|population=SP.POP.TOTL_interpolated,NSA,\N
NOR,gdp_nominal_per_capita_lcu_quarterly_nsa_estimate,2025-Q4,quarterly,249142.4681020947,\N,estimated,IMF_QNEA,derived_per_capita|QNEA|B1GQ|V|NSA|XDC|Q|population=SP.POP.TOTL_interpolated,NSA,\N
NOR,gdp_nominal_per_capita_lcu_quarterly_nsa_estimate,2026-Q1,quarterly,256430.10798681845,\N,estimated,IMF_QNEA,derived_per_capita|QNEA|B1GQ|V|NSA|XDC|Q|population=SP.POP.TOTL_interpolated,NSA,\N
NOR,gdp_nominal_per_capita_lcu_quarterly_nsa_estimate,2026-Q2,quarterly,261000.16574969658,\N,estimated,IMF_QNEA,derived_per_capita|QNEA|B1GQ|V|NSA|XDC|Q|population=SP.POP.TOTL_interpolated,NSA,\N
NZL,gdp_nominal_per_capita_lcu_quarterly_nsa_estimate,2025-Q1,quarterly,20627.719533575724,\N,estimated,IMF_QNEA,derived_per_capita|QNEA|B1GQ|V|NSA|XDC|Q|population=SP.POP.TOTL_interpolated,NSA,\N
NZL,gdp_nominal_per_capita_lcu_quarterly_nsa_estimate,2025-Q2,quarterly,20609.497943044295,\N,estimated,IMF_QNEA,derived_per_capita|QNEA|B1GQ|V|NSA|XDC|Q|population=SP.POP.TOTL_interpolated,NSA,\N
NZL,gdp_nominal_per_capita_lcu_quarterly_nsa_estimate,2025-Q3,quarterly,20345.934982252522,\N,estimated,IMF_QNEA,derived_per_capita|QNEA|B1GQ|V|NSA|XDC|Q|population=SP.POP.TOTL_interpolated,NSA,\N
NZL,gdp_nominal_per_capita_lcu_quarterly_nsa_estimate,2025-Q4,quarterly,22136.270588014348,\N,estimated,IMF_QNEA,derived_per_capita|QNEA|B1GQ|V|NSA|XDC|Q|population=SP.POP.TOTL_interpolated,NSA,\N
NZL,gdp_nominal_per_capita_lcu_quarterly_nsa_estimate,2026-Q1,quarterly,21616.992506620092,\N,estimated,IMF_QNEA,derived_per_capita|QNEA|B1GQ|V|NSA|XDC|Q|population=SP.POP.TOTL_interpolated,NSA,\N
PAK,gdp_nominal_per_capita_lcu_quarterly_nsa_estimate,2025-Q1,quarterly,107195.01611392896,\N,estimated,IMF_QNEA,derived_per_capita|QNEA|B1GQ|V|NSA|XDC|Q|population=SP.POP.TOTL_interpolated,NSA,\N
PAK,gdp_nominal_per_capita_lcu_quarterly_nsa_estimate,2025-Q2,quarterly,112831.04121439758,\N,estimated,IMF_QNEA,derived_per_capita|QNEA|B1GQ|V|NSA|XDC|Q|population=SP.POP.TOTL_interpolated,NSA,\N
PAK,gdp_nominal_per_capita_lcu_quarterly_nsa_estimate,2025-Q3,quarterly,112423.13694077141,\N,estimated,IMF_QNEA,derived_per_capita|QNEA|B1GQ|V|NSA|XDC|Q|population=SP.POP.TOTL_interpolated,NSA,\N
PAK,gdp_nominal_per_capita_lcu_quarterly_nsa_estimate,2025-Q4,quarterly,115219.75151024165,\N,estimated,IMF_QNEA,derived_per_capita|QNEA|B1GQ|V|NSA|XDC|Q|population=SP.POP.TOTL_interpolated,NSA,\N
PAK,gdp_nominal_per_capita_lcu_quarterly_nsa_estimate,2026-Q1,quarterly,114703.08637544441,\N,estimated,IMF_QNEA,derived_per_capita|QNEA|B1GQ|V|NSA|XDC|Q|population=SP.POP.TOTL_interpolated,NSA,\N
PAK,gdp_nominal_per_capita_lcu_quarterly_nsa_estimate,2026-Q2,quarterly,122711.13333533487,\N,estimated,IMF_QNEA,derived_per_capita|QNEA|B1GQ|V|NSA|XDC|Q|population=SP.POP.TOTL_interpolated,NSA,\N
PER,gdp_nominal_per_capita_lcu_quarterly_nsa_estimate,2025-Q1,quarterly,7898.296906320729,\N,estimated,IMF_QNEA,derived_per_capita|QNEA|B1GQ|V|NSA|XDC|Q|population=SP.POP.TOTL_interpolated,NSA,\N
PER,gdp_nominal_per_capita_lcu_quarterly_nsa_estimate,2025-Q2,quarterly,8670.497580993277,\N,estimated,IMF_QNEA,derived_per_capita|QNEA|B1GQ|V|NSA|XDC|Q|population=SP.POP.TOTL_interpolated,NSA,\N
PER,gdp_nominal_per_capita_lcu_quarterly_nsa_estimate,2025-Q3,quarterly,8688.778978539429,\N,estimated,IMF_QNEA,derived_per_capita|QNEA|B1GQ|V|NSA|XDC|Q|population=SP.POP.TOTL_interpolated,NSA,\N
PER,gdp_nominal_per_capita_lcu_quarterly_nsa_estimate,2025-Q4,quarterly,9298.351937643494,\N,estimated,IMF_QNEA,derived_per_capita|QNEA|B1GQ|V|NSA|XDC|Q|population=SP.POP.TOTL_interpolated,NSA,\N
PHL,gdp_nominal_per_capita_lcu_quarterly_nsa_estimate,2025-Q1,quarterly,56542.78469456633,\N,estimated,IMF_QNEA,derived_per_capita|QNEA|B1GQ|V|NSA|XDC|Q|population=SP.POP.TOTL_interpolated,NSA,\N
PHL,gdp_nominal_per_capita_lcu_quarterly_nsa_estimate,2025-Q2,quarterly,59682.45805814594,\N,estimated,IMF_QNEA,derived_per_capita|QNEA|B1GQ|V|NSA|XDC|Q|population=SP.POP.TOTL_interpolated,NSA,\N
PHL,gdp_nominal_per_capita_lcu_quarterly_nsa_estimate,2025-Q3,quarterly,56138.46370333985,\N,estimated,IMF_QNEA,derived_per_capita|QNEA|B1GQ|V|NSA|XDC|Q|population=SP.POP.TOTL_interpolated,NSA,\N
PHL,gdp_nominal_per_capita_lcu_quarterly_nsa_estimate,2025-Q4,quarterly,67705.6702413438,\N,estimated,IMF_QNEA,derived_per_capita|QNEA|B1GQ|V|NSA|XDC|Q|population=SP.POP.TOTL_interpolated,NSA,\N
PHL,gdp_nominal_per_capita_lcu_quarterly_nsa_estimate,2026-Q1,quarterly,59372.48079906959,\N,estimated,IMF_QNEA,derived_per_capita|QNEA|B1GQ|V|NSA|XDC|Q|population=SP.POP.TOTL_interpolated,NSA,\N
POL,gdp_nominal_per_capita_lcu_quarterly_nsa_estimate,2025-Q1,quarterly,24456.878204642984,\N,estimated,IMF_QNEA,derived_per_capita|QNEA|B1GQ|V|NSA|XDC|Q|population=SP.POP.TOTL_interpolated,NSA,\N
POL,gdp_nominal_per_capita_lcu_quarterly_nsa_estimate,2025-Q2,quarterly,25538.355200533755,\N,estimated,IMF_QNEA,derived_per_capita|QNEA|B1GQ|V|NSA|XDC|Q|population=SP.POP.TOTL_interpolated,NSA,\N
POL,gdp_nominal_per_capita_lcu_quarterly_nsa_estimate,2025-Q3,quarterly,26872.55284018127,\N,estimated,IMF_QNEA,derived_per_capita|QNEA|B1GQ|V|NSA|XDC|Q|population=SP.POP.TOTL_interpolated,NSA,\N
POL,gdp_nominal_per_capita_lcu_quarterly_nsa_estimate,2025-Q4,quarterly,30475.56911033336,\N,estimated,IMF_QNEA,derived_per_capita|QNEA|B1GQ|V|NSA|XDC|Q|population=SP.POP.TOTL_interpolated,NSA,\N
POL,gdp_nominal_per_capita_lcu_quarterly_nsa_estimate,2026-Q1,quarterly,26066.893273086094,\N,estimated,IMF_QNEA,derived_per_capita|QNEA|B1GQ|V|NSA|XDC|Q|population=SP.POP.TOTL_interpolated,NSA,\N
POL,gdp_nominal_per_capita_lcu_quarterly_nsa_estimate,2026-Q2,quarterly,27099.765804903032,\N,estimated,IMF_QNEA,derived_per_capita|QNEA|B1GQ|V|NSA|XDC|Q|population=SP.POP.TOTL_interpolated,NSA,\N
PRT,gdp_nominal_per_capita_lcu_quarterly_nsa_estimate,2025-Q1,quarterly,6587.476310963305,\N,estimated,IMF_QNEA,derived_per_capita|QNEA|B1GQ|V|NSA|XDC|Q|population=SP.POP.TOTL_interpolated,NSA,\N
PRT,gdp_nominal_per_capita_lcu_quarterly_nsa_estimate,2025-Q2,quarterly,7070.10364492823,\N,estimated,IMF_QNEA,derived_per_capita|QNEA|B1GQ|V|NSA|XDC|Q|population=SP.POP.TOTL_interpolated,NSA,\N
PRT,gdp_nominal_per_capita_lcu_quarterly_nsa_estimate,2025-Q3,quarterly,7299.186913013585,\N,estimated,IMF_QNEA,derived_per_capita|QNEA|B1GQ|V|NSA|XDC|Q|population=SP.POP.TOTL_interpolated,NSA,\N
PRT,gdp_nominal_per_capita_lcu_quarterly_nsa_estimate,2025-Q4,quarterly,7467.3706886458895,\N,estimated,IMF_QNEA,derived_per_capita|QNEA|B1GQ|V|NSA|XDC|Q|population=SP.POP.TOTL_interpolated,NSA,\N
PRT,gdp_nominal_per_capita_lcu_quarterly_nsa_estimate,2026-Q1,quarterly,6957.966920660136,\N,estimated,IMF_QNEA,derived_per_capita|QNEA|B1GQ|V|NSA|XDC|Q|population=SP.POP.TOTL_interpolated,NSA,\N
PRT,gdp_nominal_per_capita_lcu_quarterly_nsa_estimate,2026-Q2,quarterly,7452.007062370296,\N,estimated,IMF_QNEA,derived_per_capita|QNEA|B1GQ|V|NSA|XDC|Q|population=SP.POP.TOTL_interpolated,NSA,\N
PRY,gdp_nominal_per_capita_lcu_quarterly_nsa_estimate,2025-Q1,quarterly,13504798.639532546,\N,estimated,IMF_QNEA,derived_per_capita|QNEA|B1GQ|V|NSA|XDC|Q|population=SP.POP.TOTL_interpolated,NSA,\N
PRY,gdp_nominal_per_capita_lcu_quarterly_nsa_estimate,2025-Q2,quarterly,12969746.32896152,\N,estimated,IMF_QNEA,derived_per_capita|QNEA|B1GQ|V|NSA|XDC|Q|population=SP.POP.TOTL_interpolated,NSA,\N
PRY,gdp_nominal_per_capita_lcu_quarterly_nsa_estimate,2025-Q3,quarterly,12785880.284746876,\N,estimated,IMF_QNEA,derived_per_capita|QNEA|B1GQ|V|NSA|XDC|Q|population=SP.POP.TOTL_interpolated,NSA,\N
PRY,gdp_nominal_per_capita_lcu_quarterly_nsa_estimate,2025-Q4,quarterly,13838559.853122093,\N,estimated,IMF_QNEA,derived_per_capita|QNEA|B1GQ|V|NSA|XDC|Q|population=SP.POP.TOTL_interpolated,NSA,\N
ROU,gdp_nominal_per_capita_lcu_quarterly_nsa_estimate,2025-Q1,quarterly,19773.465963585055,\N,estimated,IMF_QNEA,derived_per_capita|QNEA|B1GQ|V|NSA|XDC|Q|population=SP.POP.TOTL_interpolated,NSA,\N
ROU,gdp_nominal_per_capita_lcu_quarterly_nsa_estimate,2025-Q2,quarterly,23463.667527212576,\N,estimated,IMF_QNEA,derived_per_capita|QNEA|B1GQ|V|NSA|XDC|Q|population=SP.POP.TOTL_interpolated,NSA,\N
ROU,gdp_nominal_per_capita_lcu_quarterly_nsa_estimate,2025-Q3,quarterly,27342.70715701159,\N,estimated,IMF_QNEA,derived_per_capita|QNEA|B1GQ|V|NSA|XDC|Q|population=SP.POP.TOTL_interpolated,NSA,\N
ROU,gdp_nominal_per_capita_lcu_quarterly_nsa_estimate,2025-Q4,quarterly,30158.92360313899,\N,estimated,IMF_QNEA,derived_per_capita|QNEA|B1GQ|V|NSA|XDC|Q|population=SP.POP.TOTL_interpolated,NSA,\N
ROU,gdp_nominal_per_capita_lcu_quarterly_nsa_estimate,2026-Q1,quarterly,21340.79477626791,\N,estimated,IMF_QNEA,derived_per_capita|QNEA|B1GQ|V|NSA|XDC|Q|population=SP.POP.TOTL_interpolated,NSA,\N
ROU,gdp_nominal_per_capita_lcu_quarterly_nsa_estimate,2026-Q2,quarterly,25995.75473977211,\N,estimated,IMF_QNEA,derived_per_capita|QNEA|B1GQ|V|NSA|XDC|Q|population=SP.POP.TOTL_interpolated,NSA,\N
RUS,gdp_nominal_per_capita_lcu_quarterly_nsa_estimate,2025-Q1,quarterly,333981.52263003355,\N,estimated,IMF_QNEA,derived_per_capita|QNEA|B1GQ|V|NSA|XDC|Q|population=SP.POP.TOTL_interpolated,NSA,\N
RUS,gdp_nominal_per_capita_lcu_quarterly_nsa_estimate,2025-Q2,quarterly,343369.20864703966,\N,estimated,IMF_QNEA,derived_per_capita|QNEA|B1GQ|V|NSA|XDC|Q|population=SP.POP.TOTL_interpolated,NSA,\N
RUS,gdp_nominal_per_capita_lcu_quarterly_nsa_estimate,2025-Q3,quarterly,380952.92724310595,\N,estimated,IMF_QNEA,derived_per_capita|QNEA|B1GQ|V|NSA|XDC|Q|population=SP.POP.TOTL_interpolated,NSA,\N
RUS,gdp_nominal_per_capita_lcu_quarterly_nsa_estimate,2025-Q4,quarterly,434482.68442356796,\N,estimated,IMF_QNEA,derived_per_capita|QNEA|B1GQ|V|NSA|XDC|Q|population=SP.POP.TOTL_interpolated,NSA,\N
RUS,gdp_nominal_per_capita_lcu_quarterly_nsa_estimate,2026-Q1,quarterly,347490.5996187337,\N,estimated,IMF_QNEA,derived_per_capita|QNEA|B1GQ|V|NSA|XDC|Q|population=SP.POP.TOTL_interpolated,NSA,\N
RWA,gdp_nominal_per_capita_lcu_quarterly_nsa_estimate,2025-Q1,quarterly,365069.2964802936,\N,estimated,IMF_QNEA,derived_per_capita|QNEA|B1GQ|V|NSA|XDC|Q|population=SP.POP.TOTL_interpolated,NSA,\N
RWA,gdp_nominal_per_capita_lcu_quarterly_nsa_estimate,2025-Q2,quarterly,399098.5905140583,\N,estimated,IMF_QNEA,derived_per_capita|QNEA|B1GQ|V|NSA|XDC|Q|population=SP.POP.TOTL_interpolated,NSA,\N
RWA,gdp_nominal_per_capita_lcu_quarterly_nsa_estimate,2025-Q3,quarterly,379220.99565107306,\N,estimated,IMF_QNEA,derived_per_capita|QNEA|B1GQ|V|NSA|XDC|Q|population=SP.POP.TOTL_interpolated,NSA,\N
RWA,gdp_nominal_per_capita_lcu_quarterly_nsa_estimate,2025-Q4,quarterly,465909.8856976441,\N,estimated,IMF_QNEA,derived_per_capita|QNEA|B1GQ|V|NSA|XDC|Q|population=SP.POP.TOTL_interpolated,NSA,\N
RWA,gdp_nominal_per_capita_lcu_quarterly_nsa_estimate,2026-Q1,quarterly,435572.20604555827,\N,estimated,IMF_QNEA,derived_per_capita|QNEA|B1GQ|V|NSA|XDC|Q|population=SP.POP.TOTL_interpolated,NSA,\N
SAU,gdp_nominal_per_capita_lcu_quarterly_nsa_estimate,2025-Q1,quarterly,32978.744972183464,\N,estimated,IMF_QNEA,derived_per_capita|QNEA|B1GQ|V|NSA|XDC|Q|population=SP.POP.TOTL_interpolated,NSA,\N
SAU,gdp_nominal_per_capita_lcu_quarterly_nsa_estimate,2025-Q2,quarterly,31985.86512871582,\N,estimated,IMF_QNEA,derived_per_capita|QNEA|B1GQ|V|NSA|XDC|Q|population=SP.POP.TOTL_interpolated,NSA,\N
SAU,gdp_nominal_per_capita_lcu_quarterly_nsa_estimate,2025-Q3,quarterly,32214.970943421587,\N,estimated,IMF_QNEA,derived_per_capita|QNEA|B1GQ|V|NSA|XDC|Q|population=SP.POP.TOTL_interpolated,NSA,\N
SAU,gdp_nominal_per_capita_lcu_quarterly_nsa_estimate,2025-Q4,quarterly,32729.852458060905,\N,estimated,IMF_QNEA,derived_per_capita|QNEA|B1GQ|V|NSA|XDC|Q|population=SP.POP.TOTL_interpolated,NSA,\N
SAU,gdp_nominal_per_capita_lcu_quarterly_nsa_estimate,2026-Q1,quarterly,34452.16452678137,\N,estimated,IMF_QNEA,derived_per_capita|QNEA|B1GQ|V|NSA|XDC|Q|population=SP.POP.TOTL_interpolated,NSA,\N
SEN,gdp_nominal_per_capita_lcu_quarterly_nsa_estimate,2025-Q1,quarterly,258574.7187242079,\N,estimated,IMF_QNEA,derived_per_capita|QNEA|B1GQ|V|NSA|XDC|Q|population=SP.POP.TOTL_interpolated,NSA,\N
SEN,gdp_nominal_per_capita_lcu_quarterly_nsa_estimate,2025-Q2,quarterly,249247.8749317309,\N,estimated,IMF_QNEA,derived_per_capita|QNEA|B1GQ|V|NSA|XDC|Q|population=SP.POP.TOTL_interpolated,NSA,\N
SEN,gdp_nominal_per_capita_lcu_quarterly_nsa_estimate,2025-Q3,quarterly,262155.4839173375,\N,estimated,IMF_QNEA,derived_per_capita|QNEA|B1GQ|V|NSA|XDC|Q|population=SP.POP.TOTL_interpolated,NSA,\N
SGP,gdp_nominal_per_capita_lcu_quarterly_nsa_estimate,2025-Q1,quarterly,31020.923960867913,\N,estimated,IMF_QNEA,derived_per_capita|QNEA|B1GQ|V|NSA|XDC|Q|population=SP.POP.TOTL_interpolated,NSA,\N
SGP,gdp_nominal_per_capita_lcu_quarterly_nsa_estimate,2025-Q2,quarterly,31300.1605958486,\N,estimated,IMF_QNEA,derived_per_capita|QNEA|B1GQ|V|NSA|XDC|Q|population=SP.POP.TOTL_interpolated,NSA,\N
SGP,gdp_nominal_per_capita_lcu_quarterly_nsa_estimate,2025-Q3,quarterly,32348.378176046343,\N,estimated,IMF_QNEA,derived_per_capita|QNEA|B1GQ|V|NSA|XDC|Q|population=SP.POP.TOTL_interpolated,NSA,\N
SGP,gdp_nominal_per_capita_lcu_quarterly_nsa_estimate,2025-Q4,quarterly,34713.913445450344,\N,estimated,IMF_QNEA,derived_per_capita|QNEA|B1GQ|V|NSA|XDC|Q|population=SP.POP.TOTL_interpolated,NSA,\N
SLV,gdp_nominal_per_capita_lcu_quarterly_nsa_estimate,2025-Q1,quarterly,1362.1991770323937,\N,estimated,IMF_QNEA,derived_per_capita|QNEA|B1GQ|V|NSA|XDC|Q|population=SP.POP.TOTL_interpolated,NSA,\N
SLV,gdp_nominal_per_capita_lcu_quarterly_nsa_estimate,2025-Q2,quarterly,1435.7424571167105,\N,estimated,IMF_QNEA,derived_per_capita|QNEA|B1GQ|V|NSA|XDC|Q|population=SP.POP.TOTL_interpolated,NSA,\N
SLV,gdp_nominal_per_capita_lcu_quarterly_nsa_estimate,2025-Q3,quarterly,1427.987858602222,\N,estimated,IMF_QNEA,derived_per_capita|QNEA|B1GQ|V|NSA|XDC|Q|population=SP.POP.TOTL_interpolated,NSA,\N
SLV,gdp_nominal_per_capita_lcu_quarterly_nsa_estimate,2025-Q4,quarterly,1543.7575777201487,\N,estimated,IMF_QNEA,derived_per_capita|QNEA|B1GQ|V|NSA|XDC|Q|population=SP.POP.TOTL_interpolated,NSA,\N
SLV,gdp_nominal_per_capita_lcu_quarterly_nsa_estimate,2026-Q1,quarterly,1455.0032305309933,\N,estimated,IMF_QNEA,derived_per_capita|QNEA|B1GQ|V|NSA|XDC|Q|population=SP.POP.TOTL_interpolated,NSA,\N
SRB,gdp_nominal_per_capita_lcu_quarterly_nsa_estimate,2025-Q1,quarterly,363154.90323285095,\N,estimated,IMF_QNEA,derived_per_capita|QNEA|B1GQ|V|NSA|XDC|Q|population=SP.POP.TOTL_interpolated,NSA,\N
SRB,gdp_nominal_per_capita_lcu_quarterly_nsa_estimate,2025-Q2,quarterly,394278.16990228795,\N,estimated,IMF_QNEA,derived_per_capita|QNEA|B1GQ|V|NSA|XDC|Q|population=SP.POP.TOTL_interpolated,NSA,\N
SRB,gdp_nominal_per_capita_lcu_quarterly_nsa_estimate,2025-Q3,quarterly,398769.3209659646,\N,estimated,IMF_QNEA,derived_per_capita|QNEA|B1GQ|V|NSA|XDC|Q|population=SP.POP.TOTL_interpolated,NSA,\N
SRB,gdp_nominal_per_capita_lcu_quarterly_nsa_estimate,2025-Q4,quarterly,429617.7442686776,\N,estimated,IMF_QNEA,derived_per_capita|QNEA|B1GQ|V|NSA|XDC|Q|population=SP.POP.TOTL_interpolated,NSA,\N
SRB,gdp_nominal_per_capita_lcu_quarterly_nsa_estimate,2026-Q1,quarterly,391666.08940727054,\N,estimated,IMF_QNEA,derived_per_capita|QNEA|B1GQ|V|NSA|XDC|Q|population=SP.POP.TOTL_interpolated,NSA,\N
SRB,gdp_nominal_per_capita_lcu_quarterly_nsa_estimate,2026-Q2,quarterly,427071.41808767954,\N,estimated,IMF_QNEA,derived_per_capita|QNEA|B1GQ|V|NSA|XDC|Q|population=SP.POP.TOTL_interpolated,NSA,\N
SVK,gdp_nominal_per_capita_lcu_quarterly_nsa_estimate,2025-Q1,quarterly,5706.40581187537,\N,estimated,IMF_QNEA,derived_per_capita|QNEA|B1GQ|V|NSA|XDC|Q|population=SP.POP.TOTL_interpolated,NSA,\N
SVK,gdp_nominal_per_capita_lcu_quarterly_nsa_estimate,2025-Q2,quarterly,6324.043255162428,\N,estimated,IMF_QNEA,derived_per_capita|QNEA|B1GQ|V|NSA|XDC|Q|population=SP.POP.TOTL_interpolated,NSA,\N
SVK,gdp_nominal_per_capita_lcu_quarterly_nsa_estimate,2025-Q3,quarterly,6598.179508601424,\N,estimated,IMF_QNEA,derived_per_capita|QNEA|B1GQ|V|NSA|XDC|Q|population=SP.POP.TOTL_interpolated,NSA,\N
SVK,gdp_nominal_per_capita_lcu_quarterly_nsa_estimate,2025-Q4,quarterly,6627.160376614412,\N,estimated,IMF_QNEA,derived_per_capita|QNEA|B1GQ|V|NSA|XDC|Q|population=SP.POP.TOTL_interpolated,NSA,\N
SVK,gdp_nominal_per_capita_lcu_quarterly_nsa_estimate,2026-Q1,quarterly,6095.078090063325,\N,estimated,IMF_QNEA,derived_per_capita|QNEA|B1GQ|V|NSA|XDC|Q|population=SP.POP.TOTL_interpolated,NSA,\N
SVK,gdp_nominal_per_capita_lcu_quarterly_nsa_estimate,2026-Q2,quarterly,6641.84540544714,\N,estimated,IMF_QNEA,derived_per_capita|QNEA|B1GQ|V|NSA|XDC|Q|population=SP.POP.TOTL_interpolated,NSA,\N
SVN,gdp_nominal_per_capita_lcu_quarterly_nsa_estimate,2025-Q1,quarterly,7629.407981273841,\N,estimated,IMF_QNEA,derived_per_capita|QNEA|B1GQ|V|NSA|XDC|Q|population=SP.POP.TOTL_interpolated,NSA,\N
SVN,gdp_nominal_per_capita_lcu_quarterly_nsa_estimate,2025-Q2,quarterly,8342.96561185081,\N,estimated,IMF_QNEA,derived_per_capita|QNEA|B1GQ|V|NSA|XDC|Q|population=SP.POP.TOTL_interpolated,NSA,\N
SVN,gdp_nominal_per_capita_lcu_quarterly_nsa_estimate,2025-Q3,quarterly,8508.548131240655,\N,estimated,IMF_QNEA,derived_per_capita|QNEA|B1GQ|V|NSA|XDC|Q|population=SP.POP.TOTL_interpolated,NSA,\N
SVN,gdp_nominal_per_capita_lcu_quarterly_nsa_estimate,2025-Q4,quarterly,8602.443796909036,\N,estimated,IMF_QNEA,derived_per_capita|QNEA|B1GQ|V|NSA|XDC|Q|population=SP.POP.TOTL_interpolated,NSA,\N
SVN,gdp_nominal_per_capita_lcu_quarterly_nsa_estimate,2026-Q1,quarterly,8102.5028216985,\N,estimated,IMF_QNEA,derived_per_capita|QNEA|B1GQ|V|NSA|XDC|Q|population=SP.POP.TOTL_interpolated,NSA,\N
SVN,gdp_nominal_per_capita_lcu_quarterly_nsa_estimate,2026-Q2,quarterly,9062.74583925,\N,estimated,IMF_QNEA,derived_per_capita|QNEA|B1GQ|V|NSA|XDC|Q|population=SP.POP.TOTL_interpolated,NSA,\N
SWE,gdp_nominal_per_capita_lcu_quarterly_nsa_estimate,2025-Q1,quarterly,147704.51130066518,\N,estimated,IMF_QNEA,derived_per_capita|QNEA|B1GQ|V|NSA|XDC|Q|population=SP.POP.TOTL_interpolated,NSA,\N
SWE,gdp_nominal_per_capita_lcu_quarterly_nsa_estimate,2025-Q2,quarterly,159127.7488346389,\N,estimated,IMF_QNEA,derived_per_capita|QNEA|B1GQ|V|NSA|XDC|Q|population=SP.POP.TOTL_interpolated,NSA,\N
SWE,gdp_nominal_per_capita_lcu_quarterly_nsa_estimate,2025-Q3,quarterly,151714.98081463712,\N,estimated,IMF_QNEA,derived_per_capita|QNEA|B1GQ|V|NSA|XDC|Q|population=SP.POP.TOTL_interpolated,NSA,\N
SWE,gdp_nominal_per_capita_lcu_quarterly_nsa_estimate,2025-Q4,quarterly,168646.22870311476,\N,estimated,IMF_QNEA,derived_per_capita|QNEA|B1GQ|V|NSA|XDC|Q|population=SP.POP.TOTL_interpolated,NSA,\N
SWE,gdp_nominal_per_capita_lcu_quarterly_nsa_estimate,2026-Q1,quarterly,152984.34783921664,\N,estimated,IMF_QNEA,derived_per_capita|QNEA|B1GQ|V|NSA|XDC|Q|population=SP.POP.TOTL_interpolated,NSA,\N
SWE,gdp_nominal_per_capita_lcu_quarterly_nsa_estimate,2026-Q2,quarterly,166938.04250789402,\N,estimated,IMF_QNEA,derived_per_capita|QNEA|B1GQ|V|NSA|XDC|Q|population=SP.POP.TOTL_interpolated,NSA,\N
SYC,gdp_nominal_per_capita_lcu_quarterly_nsa_estimate,2025-Q1,quarterly,69111.02409707563,\N,estimated,IMF_QNEA,derived_per_capita|QNEA|B1GQ|V|NSA|XDC|Q|population=SP.POP.TOTL_interpolated,NSA,\N
SYC,gdp_nominal_per_capita_lcu_quarterly_nsa_estimate,2025-Q2,quarterly,69504.87054292661,\N,estimated,IMF_QNEA,derived_per_capita|QNEA|B1GQ|V|NSA|XDC|Q|population=SP.POP.TOTL_interpolated,NSA,\N
SYC,gdp_nominal_per_capita_lcu_quarterly_nsa_estimate,2025-Q3,quarterly,69094.277723458,\N,estimated,IMF_QNEA,derived_per_capita|QNEA|B1GQ|V|NSA|XDC|Q|population=SP.POP.TOTL_interpolated,NSA,\N
THA,gdp_nominal_per_capita_lcu_quarterly_nsa_estimate,2025-Q1,quarterly,66903.54913089777,\N,estimated,IMF_QNEA,derived_per_capita|QNEA|B1GQ|V|NSA|XDC|Q|population=SP.POP.TOTL_interpolated,NSA,\N
THA,gdp_nominal_per_capita_lcu_quarterly_nsa_estimate,2025-Q2,quarterly,64893.80518130168,\N,estimated,IMF_QNEA,derived_per_capita|QNEA|B1GQ|V|NSA|XDC|Q|population=SP.POP.TOTL_interpolated,NSA,\N
THA,gdp_nominal_per_capita_lcu_quarterly_nsa_estimate,2025-Q3,quarterly,66183.77641967844,\N,estimated,IMF_QNEA,derived_per_capita|QNEA|B1GQ|V|NSA|XDC|Q|population=SP.POP.TOTL_interpolated,NSA,\N
THA,gdp_nominal_per_capita_lcu_quarterly_nsa_estimate,2025-Q4,quarterly,69672.34773962077,\N,estimated,IMF_QNEA,derived_per_capita|QNEA|B1GQ|V|NSA|XDC|Q|population=SP.POP.TOTL_interpolated,NSA,\N
THA,gdp_nominal_per_capita_lcu_quarterly_nsa_estimate,2026-Q1,quarterly,68833.66978794696,\N,estimated,IMF_QNEA,derived_per_capita|QNEA|B1GQ|V|NSA|XDC|Q|population=SP.POP.TOTL_interpolated,NSA,\N
THA,gdp_nominal_per_capita_lcu_quarterly_nsa_estimate,2026-Q2,quarterly,65604.85880851238,\N,estimated,IMF_QNEA,derived_per_capita|QNEA|B1GQ|V|NSA|XDC|Q|population=SP.POP.TOTL_interpolated,NSA,\N
TTO,gdp_nominal_per_capita_lcu_quarterly_nsa_estimate,2025-Q1,quarterly,29936.166244948894,\N,estimated,IMF_QNEA,derived_per_capita|QNEA|B1GQ|V|NSA|XDC|Q|population=SP.POP.TOTL_interpolated,NSA,\N
TTO,gdp_nominal_per_capita_lcu_quarterly_nsa_estimate,2025-Q2,quarterly,30040.338611624848,\N,estimated,IMF_QNEA,derived_per_capita|QNEA|B1GQ|V|NSA|XDC|Q|population=SP.POP.TOTL_interpolated,NSA,\N
TTO,gdp_nominal_per_capita_lcu_quarterly_nsa_estimate,2025-Q3,quarterly,30887.821452643293,\N,estimated,IMF_QNEA,derived_per_capita|QNEA|B1GQ|V|NSA|XDC|Q|population=SP.POP.TOTL_interpolated,NSA,\N
TTO,gdp_nominal_per_capita_lcu_quarterly_nsa_estimate,2025-Q4,quarterly,31319.051532326994,\N,estimated,IMF_QNEA,derived_per_capita|QNEA|B1GQ|V|NSA|XDC|Q|population=SP.POP.TOTL_interpolated,NSA,\N
TUR,gdp_nominal_per_capita_lcu_quarterly_nsa_estimate,2025-Q1,quarterly,146071.9704512391,\N,estimated,IMF_QNEA,derived_per_capita|QNEA|B1GQ|V|NSA|XDC|Q|population=SP.POP.TOTL_interpolated,NSA,\N
TUR,gdp_nominal_per_capita_lcu_quarterly_nsa_estimate,2025-Q2,quarterly,169593.7254316057,\N,estimated,IMF_QNEA,derived_per_capita|QNEA|B1GQ|V|NSA|XDC|Q|population=SP.POP.TOTL_interpolated,NSA,\N
TUR,gdp_nominal_per_capita_lcu_quarterly_nsa_estimate,2025-Q3,quarterly,203450.55397764256,\N,estimated,IMF_QNEA,derived_per_capita|QNEA|B1GQ|V|NSA|XDC|Q|population=SP.POP.TOTL_interpolated,NSA,\N
TUR,gdp_nominal_per_capita_lcu_quarterly_nsa_estimate,2025-Q4,quarterly,215039.65838689695,\N,estimated,IMF_QNEA,derived_per_capita|QNEA|B1GQ|V|NSA|XDC|Q|population=SP.POP.TOTL_interpolated,NSA,\N
TUR,gdp_nominal_per_capita_lcu_quarterly_nsa_estimate,2026-Q1,quarterly,197953.6949363704,\N,estimated,IMF_QNEA,derived_per_capita|QNEA|B1GQ|V|NSA|XDC|Q|population=SP.POP.TOTL_interpolated,NSA,\N
UKR,gdp_nominal_per_capita_lcu_quarterly_nsa_estimate,2025-Q1,quarterly,49947.4876281735,\N,estimated,IMF_QNEA,derived_per_capita|QNEA|B1GQ|V|NSA|XDC|Q|population=SP.POP.TOTL_interpolated,NSA,\N
UKR,gdp_nominal_per_capita_lcu_quarterly_nsa_estimate,2025-Q2,quarterly,52593.67259993587,\N,estimated,IMF_QNEA,derived_per_capita|QNEA|B1GQ|V|NSA|XDC|Q|population=SP.POP.TOTL_interpolated,NSA,\N
UKR,gdp_nominal_per_capita_lcu_quarterly_nsa_estimate,2025-Q3,quarterly,62717.917343845016,\N,estimated,IMF_QNEA,derived_per_capita|QNEA|B1GQ|V|NSA|XDC|Q|population=SP.POP.TOTL_interpolated,NSA,\N
UKR,gdp_nominal_per_capita_lcu_quarterly_nsa_estimate,2025-Q4,quarterly,64588.34568450545,\N,estimated,IMF_QNEA,derived_per_capita|QNEA|B1GQ|V|NSA|XDC|Q|population=SP.POP.TOTL_interpolated,NSA,\N
UKR,gdp_nominal_per_capita_lcu_quarterly_nsa_estimate,2026-Q1,quarterly,52518.426194760155,\N,estimated,IMF_QNEA,derived_per_capita|QNEA|B1GQ|V|NSA|XDC|Q|population=SP.POP.TOTL_interpolated,NSA,\N
URY,gdp_nominal_per_capita_lcu_quarterly_nsa_estimate,2025-Q1,quarterly,252385.229352344,\N,estimated,IMF_QNEA,derived_per_capita|QNEA|B1GQ|V|NSA|XDC|Q|population=SP.POP.TOTL_interpolated,NSA,\N
URY,gdp_nominal_per_capita_lcu_quarterly_nsa_estimate,2025-Q2,quarterly,261703.07717151675,\N,estimated,IMF_QNEA,derived_per_capita|QNEA|B1GQ|V|NSA|XDC|Q|population=SP.POP.TOTL_interpolated,NSA,\N
URY,gdp_nominal_per_capita_lcu_quarterly_nsa_estimate,2025-Q3,quarterly,253701.60228679748,\N,estimated,IMF_QNEA,derived_per_capita|QNEA|B1GQ|V|NSA|XDC|Q|population=SP.POP.TOTL_interpolated,NSA,\N
URY,gdp_nominal_per_capita_lcu_quarterly_nsa_estimate,2025-Q4,quarterly,270791.81687142036,\N,estimated,IMF_QNEA,derived_per_capita|QNEA|B1GQ|V|NSA|XDC|Q|population=SP.POP.TOTL_interpolated,NSA,\N
URY,gdp_nominal_per_capita_lcu_quarterly_nsa_estimate,2026-Q1,quarterly,261370.1817614182,\N,estimated,IMF_QNEA,derived_per_capita|QNEA|B1GQ|V|NSA|XDC|Q|population=SP.POP.TOTL_interpolated,NSA,\N
USA,gdp_nominal_per_capita_lcu_quarterly_nsa_estimate,2025-Q1,quarterly,21558.737539110833,\N,estimated,IMF_QNEA,derived_per_capita|QNEA|B1GQ|V|NSA|XDC|Q|population=SP.POP.TOTL_interpolated,NSA,\N
USA,gdp_nominal_per_capita_lcu_quarterly_nsa_estimate,2025-Q2,quarterly,22370.34851024634,\N,estimated,IMF_QNEA,derived_per_capita|QNEA|B1GQ|V|NSA|XDC|Q|population=SP.POP.TOTL_interpolated,NSA,\N
USA,gdp_nominal_per_capita_lcu_quarterly_nsa_estimate,2025-Q3,quarterly,22811.654291635277,\N,estimated,IMF_QNEA,derived_per_capita|QNEA|B1GQ|V|NSA|XDC|Q|population=SP.POP.TOTL_interpolated,NSA,\N
USA,gdp_nominal_per_capita_lcu_quarterly_nsa_estimate,2025-Q4,quarterly,23323.885879473004,\N,estimated,IMF_QNEA,derived_per_capita|QNEA|B1GQ|V|NSA|XDC|Q|population=SP.POP.TOTL_interpolated,NSA,\N
USA,gdp_nominal_per_capita_lcu_quarterly_nsa_estimate,2026-Q1,quarterly,22723.93244151247,\N,estimated,IMF_QNEA,derived_per_capita|QNEA|B1GQ|V|NSA|XDC|Q|population=SP.POP.TOTL_interpolated,NSA,\N
USA,gdp_nominal_per_capita_lcu_quarterly_nsa_estimate,2026-Q2,quarterly,23836.132096396534,\N,estimated,IMF_QNEA,derived_per_capita|QNEA|B1GQ|V|NSA|XDC|Q|population=SP.POP.TOTL_interpolated,NSA,\N
UZB,gdp_nominal_per_capita_lcu_quarterly_nsa_estimate,2025-Q1,quarterly,9066476.175927399,\N,estimated,IMF_QNEA,derived_per_capita|QNEA|B1GQ|V|NSA|XDC|Q|population=SP.POP.TOTL_interpolated,NSA,\N
UZB,gdp_nominal_per_capita_lcu_quarterly_nsa_estimate,2025-Q2,quarterly,12831569.699250732,\N,estimated,IMF_QNEA,derived_per_capita|QNEA|B1GQ|V|NSA|XDC|Q|population=SP.POP.TOTL_interpolated,NSA,\N
UZB,gdp_nominal_per_capita_lcu_quarterly_nsa_estimate,2025-Q3,quarterly,13379732.452824581,\N,estimated,IMF_QNEA,derived_per_capita|QNEA|B1GQ|V|NSA|XDC|Q|population=SP.POP.TOTL_interpolated,NSA,\N
UZB,gdp_nominal_per_capita_lcu_quarterly_nsa_estimate,2025-Q4,quarterly,14734072.974300785,\N,estimated,IMF_QNEA,derived_per_capita|QNEA|B1GQ|V|NSA|XDC|Q|population=SP.POP.TOTL_interpolated,NSA,\N
WSM,gdp_nominal_per_capita_lcu_quarterly_nsa_estimate,2025-Q1,quarterly,3957.7147983966292,\N,estimated,IMF_QNEA,derived_per_capita|QNEA|B1GQ|V|NSA|XDC|Q|population=SP.POP.TOTL_interpolated,NSA,\N
WSM,gdp_nominal_per_capita_lcu_quarterly_nsa_estimate,2025-Q2,quarterly,3986.0313541040027,\N,estimated,IMF_QNEA,derived_per_capita|QNEA|B1GQ|V|NSA|XDC|Q|population=SP.POP.TOTL_interpolated,NSA,\N
WSM,gdp_nominal_per_capita_lcu_quarterly_nsa_estimate,2025-Q3,quarterly,4152.384776888968,\N,estimated,IMF_QNEA,derived_per_capita|QNEA|B1GQ|V|NSA|XDC|Q|population=SP.POP.TOTL_interpolated,NSA,\N
ZAF,gdp_nominal_per_capita_lcu_quarterly_nsa_estimate,2025-Q1,quarterly,27905.714786214645,\N,estimated,IMF_QNEA,derived_per_capita|QNEA|B1GQ|V|NSA|XDC|Q|population=SP.POP.TOTL_interpolated,NSA,\N
ZAF,gdp_nominal_per_capita_lcu_quarterly_nsa_estimate,2025-Q2,quarterly,29391.088156212372,\N,estimated,IMF_QNEA,derived_per_capita|QNEA|B1GQ|V|NSA|XDC|Q|population=SP.POP.TOTL_interpolated,NSA,\N
ZAF,gdp_nominal_per_capita_lcu_quarterly_nsa_estimate,2025-Q3,quarterly,29939.01569885851,\N,estimated,IMF_QNEA,derived_per_capita|QNEA|B1GQ|V|NSA|XDC|Q|population=SP.POP.TOTL_interpolated,NSA,\N
ZAF,gdp_nominal_per_capita_lcu_quarterly_nsa_estimate,2025-Q4,quarterly,30950.656041835493,\N,estimated,IMF_QNEA,derived_per_capita|QNEA|B1GQ|V|NSA|XDC|Q|population=SP.POP.TOTL_interpolated,NSA,\N
ZAF,gdp_nominal_per_capita_lcu_quarterly_nsa_estimate,2026-Q1,quarterly,29935.494317533055,\N,estimated,IMF_QNEA,derived_per_capita|QNEA|B1GQ|V|NSA|XDC|Q|population=SP.POP.TOTL_interpolated,NSA,\N
ZMB,gdp_nominal_per_capita_lcu_quarterly_nsa_estimate,2025-Q1,quarterly,7094.841404311732,\N,estimated,IMF_QNEA,derived_per_capita|QNEA|B1GQ|V|NSA|XDC|Q|population=SP.POP.TOTL_interpolated,NSA,\N
ZMB,gdp_nominal_per_capita_lcu_quarterly_nsa_estimate,2025-Q2,quarterly,8382.431542767903,\N,estimated,IMF_QNEA,derived_per_capita|QNEA|B1GQ|V|NSA|XDC|Q|population=SP.POP.TOTL_interpolated,NSA,\N
