indicator_code,display_name,frequency,unit,definition,source_id,source_series_code,calculation,availability
central_bank_policy_rate_pct_pa_quarterly_imf,"Central bank policy rate, quarter-end",quarterly,percent per annum,Last reported monthly policy/central-bank rate in the quarter; source is IMF MFS interest rates. Monthly source values are not stored.,IMF_MFS_IR,MFS166_RT_PT_A_PT.M,Last reported monthly policy/central-bank rate in the quarter; source is IMF MFS interest rates. Monthly source values are not stored.,loaded
cpi_index_all_items_quarterly_imf,"Consumer price index, quarterly mean (all items)",quarterly,index points (country reference period varies),Arithmetic mean of three monthly IMF all-items CPI index observations; complete quarters only. The index reference period varies by economy.,IMF_CPI,CPI._T.IX.M,Arithmetic mean of three monthly IMF all-items CPI index observations; complete quarters only. The index reference period varies by economy.,loaded
cpi_index_annual_wdi,Consumer price index (2010 = 100),annual,index points (2010=100),World Bank annual CPI index; not comparable across country index bases.,WB_WDI,FP.CPI.TOTL,"World Bank Indicators API, source=2 (WDI); calendar-year observation.",loaded
gdp_nominal_current_lcu_annual,GDP (current LCU),annual,current local currency units,"Annual nominal GDP in local currency, useful for within-country nominal growth.",WB_WDI,NY.GDP.MKTP.CN,"World Bank Indicators API, source=2 (WDI); calendar-year observation.",loaded
gdp_nominal_current_usd_annual,GDP (current US$),annual,current US dollars,Annual nominal GDP at current US dollars; exchange-rate movements affect cross-country comparisons.,WB_WDI,NY.GDP.MKTP.CD,"World Bank Indicators API, source=2 (WDI); calendar-year observation.",loaded
gdp_nominal_growth_qoq_pct_quarterly_sa,"Nominal GDP growth, quarter over quarter (seasonally adjusted)",quarterly,percent,Percent change from the previous quarter in seasonally adjusted nominal GDP; not annualized.,IMF_QNEA,\N,Percent change from the previous quarter in seasonally adjusted nominal GDP; not annualized.,loaded
gdp_nominal_growth_yoy_pct_annual_lcu,"Nominal GDP growth, year over year (annual)",annual,percent per year,Annual percent change calculated from nominal GDP in current local currency.,WB_WDI,\N,Annual percent change calculated from nominal GDP in current local currency.,loaded
gdp_nominal_growth_yoy_pct_quarterly,"Nominal GDP growth, year over year (quarterly)",quarterly,percent,"Percent change from the same quarter one year earlier, using not-seasonally-adjusted current-price GDP.",IMF_QNEA,\N,"Percent change from the same quarter one year earlier, using not-seasonally-adjusted current-price GDP.",loaded
gdp_nominal_lcu_quarterly_nsa,"Nominal GDP, quarterly, not seasonally adjusted",quarterly,domestic currency at current prices (as reported),"IMF QNEA GDP at current prices, domestic currency, not seasonally adjusted.",IMF_QNEA,\N,"IMF QNEA GDP at current prices, domestic currency, not seasonally adjusted.",loaded
gdp_nominal_lcu_quarterly_sa,"Nominal GDP, quarterly, seasonally adjusted",quarterly,domestic currency at current prices (as reported),"IMF QNEA GDP at current prices, domestic currency, seasonally adjusted.",IMF_QNEA,\N,"IMF QNEA GDP at current prices, domestic currency, seasonally adjusted.",loaded
gdp_nominal_per_capita_growth_qoq_pct_quarterly_sa,"Nominal GDP per-capita growth, quarter over quarter (seasonally adjusted)",quarterly,percent,Percent change from the previous quarter in estimated seasonally adjusted nominal GDP per capita; not annualized.,IMF_QNEA,\N,Percent change from the previous quarter in estimated seasonally adjusted nominal GDP per capita; not annualized.,loaded
gdp_nominal_per_capita_growth_yoy_pct_quarterly,"Nominal GDP per-capita growth, year over year (quarterly)",quarterly,percent,Percent change from the same quarter one year earlier in estimated nominal GDP per capita.,IMF_QNEA,\N,Percent change from the same quarter one year earlier in estimated nominal GDP per capita.,loaded
gdp_nominal_per_capita_lcu_quarterly_nsa_estimate,"Nominal GDP per capita, quarterly, not seasonally adjusted (estimated)",quarterly,current domestic currency per person per quarter,Quarterly nominal GDP divided by World Bank annual population interpolated between mid-year observations (nearest reported value at series edges within one year); not an official quarterly per-capita series.,IMF_QNEA,\N,Quarterly nominal GDP divided by World Bank annual population interpolated between mid-year observations (nearest reported value at series edges within one year); not an official quarterly per-capita series.,loaded
gdp_nominal_per_capita_lcu_quarterly_sa_estimate,"Nominal GDP per capita, quarterly, seasonally adjusted (estimated)",quarterly,current domestic currency per person per quarter,Quarterly nominal GDP divided by World Bank annual population interpolated between mid-year observations (nearest reported value at series edges within one year); not an official quarterly per-capita series.,IMF_QNEA,\N,Quarterly nominal GDP divided by World Bank annual population interpolated between mid-year observations (nearest reported value at series edges within one year); not an official quarterly per-capita series.,loaded
gdp_per_capita_nominal_growth_yoy_pct_annual_lcu,"Nominal GDP per-capita growth, year over year (annual)",annual,percent per year,Annual percent change calculated from nominal GDP per capita in current local currency.,WB_WDI,\N,Annual percent change calculated from nominal GDP per capita in current local currency.,loaded
gdp_per_capita_nominal_lcu_annual,GDP per capita (current LCU),annual,current local currency units per person,Annual nominal GDP per capita in local currency.,WB_WDI,NY.GDP.PCAP.CN,"World Bank Indicators API, source=2 (WDI); calendar-year observation.",loaded
gdp_per_capita_nominal_usd_annual,GDP per capita (current US$),annual,current US dollars per person,Annual nominal GDP per capita at current US dollars.,WB_WDI,NY.GDP.PCAP.CD,"World Bank Indicators API, source=2 (WDI); calendar-year observation.",loaded
gdp_per_capita_real_2015_usd_annual,GDP per capita (constant 2015 US$),annual,constant 2015 US dollars per person,Annual real GDP per capita at constant 2015 US dollars.,WB_WDI,NY.GDP.PCAP.KD,"World Bank Indicators API, source=2 (WDI); calendar-year observation.",loaded
gdp_per_capita_real_growth_yoy_pct_annual,GDP per capita growth (annual %),annual,percent per year,World Bank reported annual real GDP per-capita growth.,WB_WDI,NY.GDP.PCAP.KD.ZG,"World Bank Indicators API, source=2 (WDI); calendar-year observation.",loaded
gdp_per_capita_real_lcu_annual,GDP per capita (constant LCU),annual,constant local currency units per person (source base year varies),Annual real GDP per capita in constant local currency.,WB_WDI,NY.GDP.PCAP.KN,"World Bank Indicators API, source=2 (WDI); calendar-year observation.",loaded
gdp_real_constant_2015_usd_annual,GDP (constant 2015 US$),annual,constant 2015 US dollars,Annual real GDP at constant 2015 US dollars.,WB_WDI,NY.GDP.MKTP.KD,"World Bank Indicators API, source=2 (WDI); calendar-year observation.",loaded
gdp_real_constant_lcu_annual,GDP (constant LCU),annual,constant local currency units (source base year varies),Annual real GDP in constant local currency; base year is source-country specific.,WB_WDI,NY.GDP.MKTP.KN,"World Bank Indicators API, source=2 (WDI); calendar-year observation.",loaded
gdp_real_growth_qoq_pct_quarterly_sa,"Real GDP growth, quarter over quarter (seasonally adjusted)",quarterly,percent,Percent change from the previous quarter in seasonally adjusted real GDP; not annualized.,IMF_QNEA,\N,Percent change from the previous quarter in seasonally adjusted real GDP; not annualized.,loaded
gdp_real_growth_yoy_pct_annual,GDP growth (annual %),annual,percent per year,World Bank reported annual real GDP growth.,WB_WDI,NY.GDP.MKTP.KD.ZG,"World Bank Indicators API, source=2 (WDI); calendar-year observation.",loaded
gdp_real_growth_yoy_pct_quarterly,"Real GDP growth, year over year (quarterly)",quarterly,percent,"Percent change from the same quarter one year earlier, using not-seasonally-adjusted constant-price GDP.",IMF_QNEA,\N,"Percent change from the same quarter one year earlier, using not-seasonally-adjusted constant-price GDP.",loaded
gdp_real_lcu_quarterly_nsa,"Real GDP, quarterly, not seasonally adjusted",quarterly,chain-linked volume in domestic currency (as reported),"IMF QNEA GDP at constant prices, domestic currency, not seasonally adjusted; preserve IMF volume-index metadata.",IMF_QNEA,\N,"IMF QNEA GDP at constant prices, domestic currency, not seasonally adjusted; preserve IMF volume-index metadata.",loaded
gdp_real_lcu_quarterly_sa,"Real GDP, quarterly, seasonally adjusted",quarterly,chain-linked volume in domestic currency (as reported),"IMF QNEA GDP at constant prices, domestic currency, seasonally adjusted; preserve IMF volume-index metadata.",IMF_QNEA,\N,"IMF QNEA GDP at constant prices, domestic currency, seasonally adjusted; preserve IMF volume-index metadata.",loaded
gdp_real_per_capita_growth_qoq_pct_quarterly_sa,"Real GDP per-capita growth, quarter over quarter (seasonally adjusted)",quarterly,percent,Percent change from the previous quarter in estimated seasonally adjusted real GDP per capita; not annualized.,IMF_QNEA,\N,Percent change from the previous quarter in estimated seasonally adjusted real GDP per capita; not annualized.,loaded
gdp_real_per_capita_growth_yoy_pct_quarterly,"Real GDP per-capita growth, year over year (quarterly)",quarterly,percent,Percent change from the same quarter one year earlier in estimated real GDP per capita.,IMF_QNEA,\N,Percent change from the same quarter one year earlier in estimated real GDP per capita.,loaded
gdp_real_per_capita_lcu_quarterly_nsa_estimate,"Real GDP per capita, quarterly, not seasonally adjusted (estimated)",quarterly,chain-linked volume per person per quarter,Quarterly real GDP divided by World Bank annual population interpolated between mid-year observations (nearest reported value at series edges within one year); not an official quarterly per-capita series.,IMF_QNEA,\N,Quarterly real GDP divided by World Bank annual population interpolated between mid-year observations (nearest reported value at series edges within one year); not an official quarterly per-capita series.,loaded
gdp_real_per_capita_lcu_quarterly_sa_estimate,"Real GDP per capita, quarterly, seasonally adjusted (estimated)",quarterly,chain-linked volume per person per quarter,Quarterly real GDP divided by World Bank annual population interpolated between mid-year observations (nearest reported value at series edges within one year); not an official quarterly per-capita series.,IMF_QNEA,\N,Quarterly real GDP divided by World Bank annual population interpolated between mid-year observations (nearest reported value at series edges within one year); not an official quarterly per-capita series.,loaded
gni_per_capita_ppp_current_intl_dollar_annual,"GNI per capita, PPP (current international $)",annual,current international dollars per person,Gross national income per capita converted at purchasing power parity.,WB_WDI,NY.GNP.PCAP.PP.CD,"World Bank Indicators API, source=2 (WDI); calendar-year observation.",loaded
inflation_consumer_prices_yoy_pct_annual_wdi,"Inflation, consumer prices (annual %)",annual,percent per year,World Bank reported annual CPI inflation.,WB_WDI,FP.CPI.TOTL.ZG,"World Bank Indicators API, source=2 (WDI); calendar-year observation.",loaded
inflation_consumer_prices_yoy_pct_quarterly_imf,"CPI inflation, year over year (quarterly)",quarterly,percent,Calculated as 100 * (quarterly mean CPI / quarterly mean CPI four quarters earlier - 1). CPI quarter means require all three monthly index values.,IMF_CPI,CPI._T.IX.M,Calculated as 100 * (quarterly mean CPI / quarterly mean CPI four quarters earlier - 1). CPI quarter means require all three monthly index values.,loaded
life_expectancy_years_annual,"Life expectancy at birth, total (years)",annual,years,"Annual life expectancy at birth, total population.",WB_WDI,SP.DYN.LE00.IN,"World Bank Indicators API, source=2 (WDI); calendar-year observation.",loaded
population_total_annual,"Population, total",annual,people,World Bank annual population estimate; used to estimate quarterly GDP per capita.,WB_WDI,SP.POP.TOTL,"World Bank Indicators API, source=2 (WDI); calendar-year observation.",loaded
poverty_headcount_at_3usd_2021_ppp_pct_annual,Poverty headcount ratio at $3.00 a day (2021 PPP) (% of population),annual,percent of population,World Bank international poverty measure at $3.00/day in 2021 PPP; observations follow survey availability and revisions.,WB_WDI,SI.POV.DDAY,"World Bank Indicators API, source=2 (WDI); calendar-year observation.",loaded
producer_price_index_quarterly_imf,"Producer price index, quarterly mean",quarterly,index points (reference period varies),"Arithmetic mean of three monthly IMF producer-price index observations; complete quarters only. This is PPI, not WPI.",IMF_PPI,PPI.IX.M,"Arithmetic mean of three monthly IMF producer-price index observations; complete quarters only. This is PPI, not WPI.",loaded
unemployment_rate_ilo_modeled_pct_annual,"Unemployment, total (% of total labor force) (modeled ILO estimate)",annual,percent of labor force,ILO-modeled annual unemployment estimate; retain modeled status and source notes.,WB_WDI,SL.UEM.TOTL.ZS,"World Bank Indicators API, source=2 (WDI); calendar-year observation.",loaded
wholesale_price_index_quarterly,"Wholesale price index, quarterly mean (India)",quarterly,index points (2022-23=100),"Arithmetic mean of three monthly all-commodities WPI values from India's Office of the Economic Adviser, base 2022-23=100. This release currently covers India from 2023 Q2 onward; later values may be provisional.",IN_OEA_WPI,OEA_WPI|ALL_COMMODITIES|2022-23=100,Arithmetic mean of monthly WPI observations; complete quarters only.,loaded
