snapshot_id,source_id,retrieved_at,request_url,returned_rows,provider_update_date,notes
1,WB_WDI,2026-09-29T17:05:40+00:00,https://api.worldbank.org/v2/country/all/indicator/NY.GDP.MKTP.CD;NY.GDP.MKTP.CN;NY.GDP.MKTP.KD;NY.GDP.MKTP.KN;NY.GDP.PCAP.CD;NY.GDP.PCAP.CN;NY.GDP.PCAP.KD;NY.GDP.PCAP.KN;NY.GDP.MKTP.KD.ZG;NY.GDP.PCAP.KD.ZG;NY.GNP.PCAP.PP.CD;SP.DYN.LE00.IN;SL.UEM.TOTL.ZS;SI.POV.DDAY;FP.CPI.TOTL;FP.CPI.TOTL.ZG;SP.POP.TOTL?format=json&source=2&date=2000:2026&per_page=30000,117130,2026-07-13,World Bank API page query; aggregates filtered to WDI country/economy list.
2,IMF_QNEA,2026-09-29T17:05:40+00:00,"https://api.imf.org/external/sdmx/2.1/data/IMF.STA,QNEA/.B1GQ.V.SA.XDC.Q?startPeriod=2000-Q1&endPeriod=2026-Q3",6687,\N,QNEA GDP; PRICE_TYPE=V; S_ADJUSTMENT=SA; XDC; Q.
3,IMF_QNEA,2026-09-29T17:05:40+00:00,"https://api.imf.org/external/sdmx/2.1/data/IMF.STA,QNEA/.B1GQ.V.NSA.XDC.Q?startPeriod=2000-Q1&endPeriod=2026-Q3",9604,\N,QNEA GDP; PRICE_TYPE=V; S_ADJUSTMENT=NSA; XDC; Q.
4,IMF_QNEA,2026-09-29T17:05:40+00:00,"https://api.imf.org/external/sdmx/2.1/data/IMF.STA,QNEA/.B1GQ.Q.SA.XDC.Q?startPeriod=2000-Q1&endPeriod=2026-Q3",7014,\N,QNEA GDP; PRICE_TYPE=Q; S_ADJUSTMENT=SA; XDC; Q.
5,IMF_QNEA,2026-09-29T17:05:40+00:00,"https://api.imf.org/external/sdmx/2.1/data/IMF.STA,QNEA/.B1GQ.Q.NSA.XDC.Q?startPeriod=2000-Q1&endPeriod=2026-Q3",8619,\N,QNEA GDP; PRICE_TYPE=Q; S_ADJUSTMENT=NSA; XDC; Q.
6,IMF_CPI,2026-09-29T17:05:40+00:00,"https://api.imf.org/external/sdmx/2.1/data/IMF.STA,CPI/.CPI._T.IX.M?startPeriod=2000-M01&endPeriod=2026-M09",48392,\N,Monthly all-items CPI fetched from IMF; three observations averaged per quarter. Monthly values are not stored.
7,IMF_MFS_IR,2026-09-29T17:05:40+00:00,"https://api.imf.org/external/sdmx/2.1/data/IMF.STA,MFS_IR/.MFS166_RT_PT_A_PT.M?startPeriod=2000-M01&endPeriod=2026-M09",21300,\N,Central bank policy rate: last reported monthly value in each quarter. Monthly source observations fetched: 21300; only quarterly outputs are stored.
8,IMF_PPI,2026-09-29T17:05:40+00:00,"https://api.imf.org/external/sdmx/2.1/data/IMF.STA,PPI/.PPI.IX.M?startPeriod=2000-M01&endPeriod=2026-M09",18889,\N,Producer price index: mean of three monthly index values; separate from WPI. Monthly source observations fetched: 18889; only quarterly outputs are stored.
9,IN_OEA_WPI,2026-09-29T17:05:40+00:00,https://eaindustry.nic.in/indx_download_2223/wpi_monthly_index_202609.xlsx,41,\N,Official WPI workbook downloaded; all-commodities monthly index aggregated to complete calendar quarters. Monthly values are not stored.
